ID,Name,Age,Occupation,Hometown,ElimWeek,Season,Season Text,BIP,BP,ELIMINATION_1,ELIMINATION_2,ELIMINATION_3,ELIMINATION_4,ELIMINATION_5,ELIMINATION_6,ELIMINATION_7,ELIMINATION_8,ELIMINATION_9,ELIMINATION_10,DATES_1,DATES_2,DATES_3,DATES_4,DATES_5,DATES_6,DATES_7,DATES_8,DATES_9,DATES_10,MAIN_CHAR
01_RYAN_S,Ryan Sutter,29,Firefighter,"Vail, Colorado",0,1,01,A_1,,,,,,,W,,,,,,D14,D1,D1,D1,D1,,,,,
01_CHARLIE_M,Charlie Maher,28,Financial Analyst,"Hermosa Beach, California",6.0,1,01,,,,,,,,E,,,,,,D14,D1,D1,D1,D1,,,,,
01_RUSS_X,Russ,30,Writer,"San Rafael, California",5.0,1,01,,,,,,,E,,,,,,,D14,D1,D1,D1,,,,,,
01_GREG_T,Greg T.,28,Importer,"Manhattan, New York",4.0,1,01,,,,,,E,,,,,,,,D14,D5,D1,,,,,,,
01_BOB_G,Bob Guiney,31,Mortgage Broker,"Ferndale, Michigan",3.0,1,01,,,,,E,,,,,,,,,D14,D5,,,,,,,,3
01_JAMIE_B,Jamie Blyth,27,Athlete,"Chicago, Illinois",3.0,1,01,,,,,E,,,,,,,,,D14,D5,,,,,,,,
01_MIKE_X,Mike,24,Sales,"Cincinnati, Ohio",3.0,1,01,,,,,E,,,,,,,,,D14,D5,,,,,,,,
01_ROB_X,Rob,29,Computer Programmer,"Dallas, Texas",3.0,1,01,,,,,E,,,,,,,,,D14,D5,,,,,,,,
01_BRIAN_C,Brian C.,28,Mortgage Broker,"Dallas, Texas",2.0,1,01,,,,E,,,,,,,,,,D14,,,,,,,,,
01_BRIAN_S,Brian S.,28,Engineer,"Dallas, Texas",2.0,1,01,,,,E,,,,,,,,,,D14,,,,,,,,,
01_BROOK_X,Brook,29,Rodeo Cowboy,"Dallas, Texas",2.0,1,01,,,,E,,,,,,,,,,D14,,,,,,,,,
01_JACK_X,Jack,27,Firefighter,"Pepper Pike, Ohio",2.0,1,01,,,,E,,,,,,,,,,D14,,,,,,,,,
01_JEFF_X,Jeff,25,Athlete,"San Diego, California",2.0,1,01,,,,E,,,,,,,,,,D14,,,,,,,,,
01_JOSH_X,Josh,31,Advertising,"Boca Raton, Florida",2.0,1,01,,,,E,,,,,,,,,,D14,,,,,,,,,
01_BRIAN_H,Brian H.,30,Sales,"Cleveland, Ohio",2.0,1,01,,,,EQ,,,,,,,,,,D14,,,,,,,,,
01_BILLY_X,Billy,28,Firefighter,"Hermosa Beach, California",1.0,1,01,,,E,,,,,,,,,,,,,,,,,,,,
01_BRIAN_K,Brian K.,31,Sales,"San Francisco, California",1.0,1,01,,,E,,,,,,,,,,,,,,,,,,,,
01_CHRIS_X,Chris,35,V.P. of Auto Parts Company,"Sugarloaf, Pennsylvania",1.0,1,01,,,E,,,,,,,,,,,,,,,,,,,,
01_DUANE_X,Duane,28,Flight Instructor,"Chisago City, Minnesota",1.0,1,01,,,E,,,,,,,,,,,,,,,,,,,,
01_ERIC_X,Eric,33,Commercial Pilot,Missouri,1.0,1,01,,,E,,,,,,,,,,,,,,,,,,,,
01_GREGG_H,Gregg H.,34,Business Owner,"Freehold, New Jersey",1.0,1,01,,,E,,,,,,,,,,,,,,,,,,,,
01_MATT_X,Matt,42,Business Owner,"Marina Del Rey, California",1.0,1,01,,,E,,,,,,,,,,,,,,,,,,,,
01_PAUL_X,Paul,26,Telecommunications,"Honolulu, Hawaii",1.0,1,01,,,E,,,,,,,,,,,,,,,,,,,,
01_PETER_X,Peter,25,Business Owner,"Long Island, New York",1.0,1,01,,,E,,,,,,,,,,,,,,,,,,,,
01_WAYNE_X,Wayne,37,Commercial Pilot,"Sacramento, California",1.0,1,01,,,E,,,,,,,,,,,,,,,,,,,,
02_IAN_M,Ian McKee,29,Sales,"New York, New York",0,2,02,,,,,,,,,W,,,,,D7,D1,D4,D1,D1,D1,,,,
02_MATTHEW_H,Matthew Hickl,28,Sales,"Friendswood, Texas",8.0,2,02,,,,,,,,,E,,,,,D7,D7,D1,D1,D1,D1,,,,
02_CHAD_X,Chad,31,Sales,"Buffalo, New York",6.0,2,02,,,,,,,,E,,,,,,D7,D7,D1,D1,D1,,,,,
02_LANNY_X,Lanny,26,Stallion and Breeding Manager,"Aubrey, Texas",5.0,2,02,,,,,,,E,,,,,,,D7,D7,D1,D1,,,,,,
02_BRAD_X,Brad,29,Sales,"Grand Rapids, Michigan",4.0,2,02,,,,,,E,,,,,,,,D7,D7,D4,,,,,,,
02_RYAN_M,Ryan M.,30,Financial Advisor,"Santa Barbara, California",4.0,2,02,,,,,,E,,,,,,,,D7,D2,D4,,,,,,,
02_SEAN_X,Sean,31,CPA,"Wall, New Jersey",4.0,2,02,,,,,,E,,,,,,,,D7,D7,D4,,,,,,,
02_RICK_X,Rick,29,Business Manager,"San Diego, California",3.0,2,02,,,,,E,,,,,,,,,D1,D7,,,,,,,,
02_RYAN_R,Ryan R.,29,Sales,"Wynola, California",3.0,2,02,,,,,E,,,,,,,,,D7,D7,,,,,,,,
02_TODD_X,Todd,36,Options Trader,"San Francisco, California",3.0,2,02,,,,,E,,,,,,,,,D7,D2,,,,,,,,
02_DAMON_X,Damon,28,Athlete,"Cardiff, California",2.0,2,02,,,,E,,,,,,,,,,D7,,,,,,,,,
02_ELIOT_X,Eliot,25,Options Trader,"Mountain View, California",2.0,2,02,,,,E,,,,,,,,,,D7,,,,,,,,,
02_HAROLD_H,Harold Hersh,29,Athlete,"Rock Island, Illinois",2.0,2,02,,,,E,,,,,,,,,,D7,,,,,,,,,
02_MARCUS_X,Marcus,26,Personal Trainer,"Los Angeles, California",2.0,2,02,,,,E,,,,,,,,,,D7,,,,,,,,,
02_ROBERT_X,Robert,32,Alliance Development,"El Segundo, California",2.0,2,02,,,,E,,,,,,,,,,D7,,,,,,,,,
02_AARON_X,Aaron,32,Sales,"Sacramento, California",1.0,2,02,,,E,,,,,,,,,,,,,,,,,,,,
02_ANDY_C,Andy Chang,33,Dentist,"Dallas, Texas",1.0,2,02,,,E,,,,,,,,,,,,,,,,,,,,
02_ANSELM_C,Anselm Clinard,32,Designer,"Venice, California",1.0,2,02,,,E,,,,,,,,,,,,,,,,,,,,
02_BRIAN_X,Brian,31,Attorney,"Quincy, Massachusetts",1.0,2,02,,,E,,,,,,,,,,,,,,,,,,,,
02_CHRIS_X,Chris,31,Accountant,"Boston, Massachusetts",1.0,2,02,,,E,,,,,,,,,,,,,,,,,,,,
02_CORY_H,Cory Higgins,24,Business Owner,"Long Beach Island, New Jersey",1.0,2,02,,,E,,,,,,,,,,,,,,,,,,,,
02_JEFF_O,Jeff O'Quinn,30,Sales,"Macon, Georgia",1.0,2,02,,,E,,,,,,,,,,,,,,,,,,,,
02_JUSTIN_X,Justin,25,Athlete,"Orlando, Florida",1.0,2,02,,,E,,,,,,,,,,,,,,,,,,,,
02_KEITH_X,Keith,31,Financial Analyst,"Baltimore, Maryland",1.0,2,02,,,E,,,,,,,,,,,,,,,,,,,,
02_TREVER_X,Trever,35,Restaurateur,"North Wales, Pennsylvania",1.0,2,02,,,E,,,,,,,,,,,,,,,,,,,,
04_JESSE_C,Jesse Csincsak,26,Professional snowboarder,"Breckenridge, Colorado",0,4,04,,,R1,,,R,,,,W,,,,D7,D10,D1,D4,D1,D1,D1,,,
04_JASON_M,Jason Mesnick,31,Account executive,"Cleveland, Ohio",8.0,4,04,,,,,R,,,,,E,,,,D7,D1,D6,D4,D1,D1,D1,,,13
04_JEREMY_A,Jeremy Anderson,30,Real estate attorney,"Dallas, Texas",7.0,4,04,,,R1,R,,,,,E,,,,,D7,D10,D6,D1,D1,D1,,,,
04_GRAHAM_B,Graham Bunn,29,Athlete,"Raleigh, North Carolina",6.0,4,04,A_1,B_2,,R,,,,E,,,,,,D1,D10,D6,D4,D1,,,,,
04_SEAN_R,Sean Ramey,33,Martial artist,"Louisville, Kentucky",5.0,4,04,,,,,,R,E,,,,,,,D7,D10,D6,D1,,,,,,
04_BLAINE_T,Blaine Twilley,33,Debt manager,"Tulsa, Oklahoma",5.0,4,04,,,,,,,E,,,,,,,D7,D10,D6,D4,,,,,,
04_BRIAN_W,Brian Westendorf,31,High school football coach,"Balch Springs, Texas",4.0,4,04,,,E,,,,,,,,,,,,,,,,,,,,
04_FREDERICK_G,"Frederick ""Fred"" Greif",30,Lawyer,"Skokie, Illinois",4.0,4,04,,,,,R,ED,,,,,,,,D7,D10,D2,,,,,,,
04_ROBERT_F,Robert Fair,28,Chef,"San Francisco, California",4.0,4,04,,,,,R,ED,,,,,,,,D7,D10,D2,,,,,,,
04_PAUL_B,Paul Brosseau,23,Sales,"Bonnyville, Alberta",3.0,4,04,,,,R,E,,,,,,,,,D7,D10,,,,,,,,
04_RONALD_M,Ronald Mayer,36,Barber shop owner,"Greeley, Colorado",3.0,4,04,,,,,E,,,,,,,,,D7,D10,,,,,,,,
04_RICHARD_M,Richard Mathy,27,Teacher,"Sauquoit, New York",3.0,4,04,,,R1,,ED,,,,,,,,,D7,D1,,,,,,,,
04_CHRISTOPHER_B,"Christopher ""Chris"" Bradshaw",29,Sales,"Fort Worth, Texas",2.0,4,04,,,,E,,,,,,,,,,D7,,,,,,,,,
04_ERIC_P,Eric Papachristos,32,Senior analyst,"Boston, Massachusetts",2.0,4,04,,,,E,,,,,,,,,,D7,,,,,,,,,
04_RYAN_H,Ryan Hoag,28,Athlete,"Minneapolis, Minnesota",2.0,4,04,,B_3,,E,,,,,,,,,,D7,,,,,,,,,
04_BRIAN_W,Brian Winchester,29,Consultant,"New Castle, Indiana",1.0,4,04,,,E,,,,,,,,,,,,,,,,,,,,
04_CHANDLER_F,Chandler Fulton,25,Insurance rep.,"Virginia Beach, Virginia",1.0,4,04,,,E,,,,,,,,,,,,,,,,,,,,
04_DONATO_C,Donato Capodanno,26,Sales,"Lexington, South Carolina",1.0,4,04,,,E,,,,,,,,,,,,,,,,,,,,
04_GREGORY_M,"Gregory ""Greg"" Matthew",28,Personal trainer,"Rockport, Massachusetts",1.0,4,04,,,E,,,,,,,,,,,,,,,,,,,,
04_JEFFREY_H,Jeffrey Harris,27,Teacher,"Miami, Florida",1.0,4,04,,,E,,,,,,,,,,,,,,,,,,,,
04_JONATHAN_K,"Jonathan ""Jon"" Konkel",35,Resort manager,"Williston, North Dakota",1.0,4,04,,,E,,,,,,,,,,,,,,,,,,,,
04_LUKE_H,Luke Hamilton,27,Oyster farmer,"Faith, North Carolina",1.0,4,04,,,E,,,,,,,,,,,,,,,,,,,,
04_PATRICK_C,Patrick Carlson,26,Financial analyst,"Glenwood, Illinois",1.0,4,04,,,E,,,,,,,,,,,,,,,,,,,,
04_PATRICK_D,Patrick Durrere,27,Internet marketing,"Elmhurst, Illinois",1.0,4,04,,,E,,,,,,,,,,,,,,,,,,,,
04_SPERO_S,Spero Stamboulis,38,Actor,"Ellington, Connecticut",1.0,4,04,,,E,,,,,,,,,,,,,,,,,,,,
05_ED_S,Ed Swiderski,29,Consultant,"Monroe, Michigan",0,5,05,,B_3,,,R,,,,,,,W,,D8,D1,D10,D8,,D1,D1,D1,D1,
05_KIPTYN_L,Kiptyn Locke,31,Business Developer,"Encinitas, California",10.0,5,05,,B_1,,,,R,,R,,,,E,,D7,D11,D1,D8,D6,D1,D1,D1,D1,
05_REID_R,Reid Rosenthal,30,Realtor,"Upper Dublin, Pennsylvania",9.0,5,05,,B_3,,,,,,R,,,E,,,,D11,D10,D8,D1,D1,D1,D1,,
05_WES_H,Wes Hayden,32,Musician,"Huntsville, Texas",8.0,5,05,,B_1,,R,,,,,,E,,,,D8,D11,D10,D8,D6,D1,D1,,,
05_JESSE_K,Jesse Kovacs,27,Wine Maker,"Carmel Valley, California",7.0,5,05,A_1,B_1,,,,R,R,,E,,,,,D7,,D10,D1,D6,D1,,,,
05_MICHAEL_S,Michael Stagliano,25,Break Dance Instructor,"Tacoma, Washington",7.0,5,05,,"B_2, B_3",,,,,R,,E,,,,,D8,D11,D10,D1,D6,D1,,,,
05_JAKE_P,Jake Pavelka,31,Commercial Pilot,"Denton, Texas",6.0,5,05,,B_2,,R,,,,E,,,,,,D1,,D10,D8,D6,,,,,14
05_TANNER_P,Tanner Pope,30,Financial Analyst,"Brownfield, Texas",6.0,5,05,,,,,,,,E,,,,,,D8,D11,D10,D8,D6,,,,,
05_ROBBY_D,Robby Descant,25,Bartender,"Spring, Texas",6.0,5,05,,,,,R,,,ED,,,,,,,D11,D10,D8,D1,,,,,
05_MARK_H,Mark Huebner,26,Entrepreneur,"Woodstock, Illinois",5.0,5,05,,,,,,R,E,,,,,,,D7,D11,D2,D8,,,,,,
05_DAVID_G,David Good,27,Trucking Contractor,"West Alexandria, Ohio",4.0,5,05,,B_1,R1,,,E,,,,,,,,D7,,D10,,,,,,,
05_JUAN_B,Juan Barbieri,35,General Contractor,"Buenos Aires, Argentina",4.0,5,05,,B_1,,R,,E,,,,,,,,D7,D11,D10,,,,,,,
05_MIKE_S,Mike Steinberg,28,Business Owner,"New York, New York",4.0,5,05,,,,R,,ED,,,,,,,,D7,D11,D2,,,,,,,
05_BRAD_S,Brad Seberhagen,27,Financial Advisor,"Park Ridge, Illinois",3.0,5,05,,,,,E,,,,,,,,,D8,D11,,,,,,,,
05_TANNER_F,Tanner Fanello,28,Sales,"Derby, Kansas",3.0,5,05,,,,,E,,,,,,,,,,D11,,,,,,,,
05_SASHA_P,Sasha Petrovic,27,Consultant,"Houston, Texas",3.0,5,05,,,,,ED,,,,,,,,,D8,D1,,,,,,,,
05_BRIAN_D,Brian Duke,32,Consultant,"Birmingham, Alabama",2.0,5,05,,,,E,,,,,,,,,,D8,,,,,,,,,
05_JULIEN_H,Julien Hug,34,Restaurateur,"San Diego, California",2.0,5,05,,,,E,,,,,,,,,,,,,,,,,,,
05_MATHUE_J,Mathue Johnson,25,Personal Trainer,"Andover, Kansas",2.0,5,05,,,,E,,,,,,,,,,D8,,,,,,,,,
05_SIMON_A,Simon Ambrose,26,Soccer Coach,"Bradford, England",2.0,5,05,,,,E,,,,,,,,,,D7,,,,,,,,,
05_ADAM_D,Adam Duvendeck,27,Olympic Cyclist,"Santa Barbara, California",1.0,5,05,,,E,,,,,,,,,,,,,,,,,,,,
05_BRYAN_V,Bryan Vaderman,28,High School Coach,"Lawton, Oklahoma",1.0,5,05,,,E,,,,,,,,,,,,,,,,,,,,
05_BRYCE_H,Bryce Harlow,31,Furniture Dealer,"Fort Lauderdale, Florida",1.0,5,05,,,E,,,,,,,,,,,,,,,,,,,,
05_CALEB_K,Caleb Kuhl,27,Photographer,Missouri,1.0,5,05,,,E,,,,,,,,,,,,,,,,,,,,
05_GREG_B,Greg Bilbro,31,Entrepreneur,"Albuquerque, New Mexico",1.0,5,05,,,E,,,,,,,,,,,,,,,,,,,,
05_JOHN_H,John Hardesty,27,Consultant,"Boise, Idaho",1.0,5,05,,,E,,,,,,,,,,,,,,,,,,,,
05_JOHN_P,John Presser,29,Marketing Specialist,"Fort Wayne, Indiana",1.0,5,05,,,E,,,,,,,,,,,,,,,,,,,,
05_JOSH_Y,Josh Yocam,25,Lifeguard,"Tustin, California",1.0,5,05,,,E,,,,,,,,,,,,,,,,,,,,
05_KYLE_Y,Kyle Yauch,26,Designer,"Austin, Texas",1.0,5,05,,,E,,,,,,,,,,,,,,,,,,,,
05_STEPHEN_R,Stephen Reich,30,Lawyer,"Lexington, Massachusetts",1.0,5,05,,,E,,,,,,,,,,,,,,,,,,,,
06_ROBERTO_M,Roberto Martinez,26,Insurance Agent,"Tampa, Florida",0,6,06,,,R1,,R,,,,,,,W,,,D1,D7,D6,D4,D1,D1,D1,D1,
06_CHRIS_L,Chris Lambton,33,Landscaper,"Dennis, Massachusetts",10.0,6,06,,,,,,R,,,,,,ED,,,D9,D1,D6,D4,D1,D1,D1,D1,
06_FRANK_N,Frank Neuschaefer,31,Retail Manager,"Bartlett, Illinois",9.0,6,06,,,,R,,,,R,,,EF,,,D1,D9,D7,D6,D1,D2,D1,D1,,
06_KIRK_D,Kirk DeWindt,27,Sales,"Green Bay, Wisconsin",8.0,6,06,A_2,B_2,,,R,,R,,,E,,,,D12,D9,D7,D1,D4,D1,D1,,,
06_TY_B,Ty Brown,31,Sales,Missouri,7.0,6,06,,,,R,,,R,R,E,,,,,D12,,D7,D6,D1,D2,,,,
06_CRAIG_R,Craig Robinson,27,Lawyer,"Langhorne, Pennsylvania",6.0,6,06,,,,,,,,E,,,,,,D12,D9,D7,D6,D4,,,,,
06_JUSTIN_R,Justin Rego,26,Entertainment Wrestler,"Toronto, Ontario",6.0,6,06,,B_2,,,,,R,EF,,,,,,D12,D9,,D2,,,,,,
06_CHRIS_N,Chris Nordhorn,29,Entrepreneur,"Winter Park, Florida",5.0,6,06,,,,,,,E,,,,,,,D12,D9,,D6,,,,,,
06_KASEY_K,Kasey Kahl,27,Advertising,"Fresno, California",5.0,6,06,,B_2,,,,,ED,,,,,,,D12,,D1,D2,,,,,,
06_JESSE_B,Jesse Beck,24,General Contractor,Missouri,4.0,6,06,,B_1,,R,,E,,,,,,,,D1,D9,D7,,,,,,,
06_JONATHAN_N,Jonathan Novack,30,Weatherman,"Boston, Massachusetts",4.0,6,06,,B_1,,,,E,,,,,,,,D12,D9,D7,,,,,,,
06_JOHN_C,John Crivello,32,Hotel Business Development,"Mukilteo, Washington",3.0,6,06,,,,,E,,,,,,,,,,D9,,,,,,,,
06_STEVE_K,Steve Kocsis,28,Sales,"Chesterland, Ohio",3.0,6,06,,,,,E,,,,,,,,,D12,,,,,,,,,
06_HUNTER_W,Hunter Wagner,28,Internet Account Executive,"Fair Oaks Ranch, Texas",3.0,6,06,,,,,ED,,,,,,,,,D12,D1,,,,,,,,
06_CHRIS_H,Chris Hasek-Watt,27,Real Estate Developer,"Campbell River, British Columbia",2.0,6,06,,,,E,,,,,,,,,,D12,,,,,,,,,
06_CRAIG_M,Craig McKinnon,34,Sales,"Sarnia, Ontario",2.0,6,06,,B_1,,E,,,,,,,,,,D12,,,,,,,,,
06_TYLER_V,Tyler Vermette,25,Advertising,"Chelsea, Vermont",2.0,6,06,,,,E,,,,,,,,,,D12,,,,,,,,,
06_DEREK_X,Derek,28,Sales,"Warren, Michigan",1.0,6,06,,,E,,,,,,,,,,,,,,,,,,,,
06_DERRICK_S,Derrick Schuster,27,Engineer,"Manhattan Beach, California",1.0,6,06,,,E,,,,,,,,,,,,,,,,,,,,
06_JASON_W,Jason Whitehead,27,Consultant,"Johnson City, Tennessee",1.0,6,06,,,E,,,,,,,,,,,,,,,,,,,,
06_JAY_R,Jay Resmini,29,Lawyer,"Barrington, Rhode Island",1.0,6,06,,,E,,,,,,,,,,,,,,,,,,,,
06_JOHN_N,John N.,27,Sales,"Wichita, Kansas",1.0,6,06,,,E,,,,,,,,,,,,,,,,,,,,
06_KYLE_H,Kyle Higgins,26,Outdoorsman,"Highlands Ranch, Colorado",1.0,6,06,,,E,,,,,,,,,,,,,,,,,,,,
06_PHIL_K,Phil Kayden,30,Investment Manager,"Elmore, Ohio",1.0,6,06,,,E,,,,,,,,,,,,,,,,,,,,
06_TYLER_M,Tyler Morrow,25,Catering Manager,"Helena, Montana",1.0,6,06,,,E,,,,,,,,,,,,,,,,,,,,
07_JP_R,JP Rosenbaum,34,Construction Manager,"Roslyn, New York",0,7,07,,,,,R,,,R,R,,,W,,,D1,D10,D8,D1,D3,D1,D1,D1,
07_BEN_F,Ben Flajnik,28,Wine Maker,"Sonoma, California",10.0,7,07,,,,,,R,R,,,,,E,,D6,D10,D10,D1,D6,D1,D1,D1,D1,16
07_CONSTANTINE_T,Constantine Tzortzis,30,Business Owner,"Cumming, Georgia",9.0,7,07,,,,,,R,,,,,EQ,,,,,D1,D8,D6,D1,D1,D1,,
07_AMES_B,Ames Brown,31,Portfolio Manager,"Chadds Ford, Pennsylvania",8.0,7,07,,B_2,,,,R,,,,E,,,,,D10,D1,D8,D6,D3,D1,,,
07_LUCAS_D,Lucas Daniels,30,Oilfield Equipment Distributor,"Odessa, Texas",7.0,7,07,,,,,,,,R,E,,,,,D6,D10,D10,D8,D1,D3,,,,
07_RYAN_P,Ryan Park,31,Solar Energy Executive,"San Luis Obispo, California",7.0,7,07,,,R1,,R,,,R,ED,,,,,,D10,D10,D8,D6,D1,,,,
07_BLAKE_J,Blake Julian,27,Dentist,"Steamboat Springs, Colorado",6.0,7,07,,B_2,,,,,R,E,,,,,,D6,D10,D10,D8,D6,,,,,
07_RYAN_M,"Ryan ""Mickey"" McLean",31,Chef,"Rochester, New York",6.0,7,07,,,,R,,,,EQ,,,,,,D1,,D10,D8,D6,,,,,
07_NICK_P,Nick Peterson,26,Personal Trainer,"Odessa, Florida",5.0,7,07,A_2,B_3,,,,,E,,,,,,,D6,D10,D10,D8,,,,,,
07_WILLIAM_H,William Holman,30,Sales,"Fostoria, Ohio",5.0,7,07,,B_2,,R,,,ED,,,,,,,D1,D10,D10,D2,,,,,,
07_BEN_C,Ben Castoriano,28,Lawyer,"Lake Charles, Louisiana",5.0,7,07,,,,,R,,ED,,,,,,,,D1,D10,D2,,,,,,
07_WEST_L,West Lee,30,Lawyer,"Walhalla, South Carolina",4.0,7,07,,,,,,E,,,,,,,,D6,,D10,,,,,,,
07_CHRIS_D,Chris Drish,25,Sports Marketing Coordinator,"Moline, Illinois",3.0,7,07,,,,,E,,,,,,,,,,D10,,,,,,,,
07_JEFF_M,Jeff Medolla,35,Entrepreneur,Missouri,3.0,7,07,,,,,E,,,,,,,,,,D10,,,,,,,,
07_BENTLEY_W,Bentley Williams,28,Businessman,"Alpine, Utah",3.0,7,07,,,,R,EQ,,,,,,,,,D6,D10,,,,,,,,
07_MATT_C,Matt Colombo,28,Sales,"Bridgewater, Massachusetts",2.0,7,07,A_4,,,E,,,,,,,,,,,,,,,,,,,
07_RYAN_M,Ryan Miller,27,Constructor Estimator,"Novi, Michigan",2.0,7,07,,,,R,,,,EQ,,,,,,D1,,D10,D8,D6,,,,,
07_STEPHEN_D,Stephen D'Amico,27,Hairstylist,"Portland, Connecticut",2.0,7,07,,,,E,,,,,,,,,,,,,,,,,,,
07_ANTHONY_S,Anthony Santucci,28,Butcher,"Saddle River, New Jersey",1.0,7,07,,,E,,,,,,,,,,,,,,,,,,,,
07_CHRIS_M,Chris Malhomme,27,Construction Company CEO,"Gibbons, Alberta",1.0,7,07,,,E,,,,,,,,,,,,,,,,,,,,
07_FRANK_C,Frank Carpenter,29,College Admissions Director,"Anchorage, Alaska",1.0,7,07,,,E,,,,,,,,,,,,,,,,,,,,
07_JON_E,Jon Ellsworth,26,E-Commerce Executive,"Vancouver, Washington",1.0,7,07,,,E,,,,,,,,,,,,,,,,,,,,
07_MICHAEL_B,Michael Burns,29,Sales,"Providence, Rhode Island",1.0,7,07,,,E,,,,,,,,,,,,,,,,,,,,
07_ROB_D,Rob Dahm,27,Technology Executive,"Monroe, Michigan",1.0,7,07,,,E,,,,,,,,,,,,,,,,,,,,
07_TIM_M,Tim McCormack,35,Liquor Distributor,"Massapequa, New York",1.0,7,07,,,EU,,,,,,,,,,,,,,,,,,,,
08_JEF_H,Jef Holm,27,Entrepreneur,"St. George, Utah",0,8,08,,,,R,,R,R,,,,,W,,D13,D12,D8,D1,D6,D1,D1,D1,D1,
08_ARIE_J,"Arie Luyendyk, Jr.",30,Race Car Driver,"Scottsdale, Arizona",10.0,8,08,,,,,R,,,,,,,ED,,,D1,D8,D8,D6,D1,D1,D1,,22
08_SEAN_L,Sean Lowe,28,Insurance Agent,"Irving, Texas",9.0,8,08,,,,,R,,R,,R,,E,,,,D12,D8,D1,D6,D3,D1,D1,,17
08_CHRIS_B,Chris Bukowski,25,Sales,"Chicago, Illinois",8.0,8,08,"A_1, A_2, A_6",B_3,,,R,,,R,,E,,,,D13,D1,D8,D8,D6,D3,D1,,,
08_JOHN_W,John Wolfner,30,Data Destruction Specialist,Missouri,7.0,8,08,,,,,,R,,,E,,,,,D13,D12,D2,D8,D6,D1,,,,
08_DOUG_C,Doug Clerget,33,Single Dad/Real Estate Agent,"Tacoma, Washington",7.0,8,08,,,R1,,,R,,,ED,,,,,,D12,D1,D8,D6,D3,,,,
08_RYAN_B,Ryan Bowers,31,Pro Sports Trainer,"Evans, Georgia",6.0,8,08,,,,R,,,,ED,,,,,,D1,D12,D8,D8,D1,,,,,
08_TRAVIS_P,Travis Pope,30,Sales,Missouri,6.0,8,08,,,,,,,,ED,,,,,,,D12,D8,D8,D1,,,,,
08_ALEJANDRO_V,Alejandro Velez,25,Mushroom Farmer,"San Francisco, California",5.0,8,08,,,,,,,E,,,,,,,D13,D12,,D8,,,,,,
08_KALON_M,Kalon McMahon,27,Consultant,"Houston, Texas",5.0,8,08,A_1,B_3,,,,,ED,,,,,,,D13,,D8,D8,,,,,,
08_CHARLIE_G,Charlie Grogan,32,Recruiter,"Worcester, Massachusetts",4.0,8,08,,,,,,E,,,,,,,,D13,D12,D8,,,,,,,
08_MICHAEL_N,Michael Nance,26,Rehab Counselor,"Austin, Texas",4.0,8,08,,,,,,E,,,,,,,,D13,D12,,,,,,,,
08_NATHAN_B,Nathan Baake,25,Accountant,"Casa Grande, Arizona",4.0,8,08,,,,,,ED,,,,,,,,D13,,D2,,,,,,,
08_STEVIE_A,Stevie Alberino,26,Party M.C.,"Monroe Township, New Jersey",3.0,8,08,,,,,E,,,,,,,,,D13,D12,,,,,,,,
08_ALESSANDRO_G,Alessandro Goulart,30,Grain Merchant,"Saint Paul, Minnesota",3.0,8,08,,,,,EU,,,,,,,,,D13,D12,,,,,,,,
08_TONY_P,Tony Pieper,31,Single Dad/Lumber Trader,"Beaverton, Oregon",3.0,8,08,,B_3,,,ED,,,,,,,,,D13,D12,,,,,,,,
08_AARON_M,Aaron Martell,36,Teacher,"North Sydney, Nova Scotia",2.0,8,08,,,,E,,,,,,,,,,D13,,,,,,,,,
08_KYLE_D,Kyle Dillon,29,Financial Adviser,"Long Beach, California",2.0,8,08,,,,E,,,,,,,,,,D13,,,,,,,,,
08_JOE_G,Joe Gendreau,27,Field Energy Adviser,"Orlando, Florida",2.0,8,08,,,,ED,,,,,,,,,,D1,,,,,,,,,
08_BRENT_R,Brent Richter,41,Sales,"Midland, Texas",1.0,8,08,,,E,,,,,,,,,,,,,,,,,,,,
08_DAVID_H,David Homyk,33,Writer,"Charlottesville, Virginia",1.0,8,08,,,E,,,,,,,,,,,,,,,,,,,,
08_JACKSON_L,Jackson Longnecker,29,Model,"Lockport, Illinois",1.0,8,08,,,E,,,,,,,,,,,,,,,,,,,,
08_JEANPAUL_L,JeanPaul LaCount,35,Marine Biologist,"Moraga, California",1.0,8,08,,,E,,,,,,,,,,,,,,,,,,,,
08_LERONE_A,Lerone Anu,29,Consultant,"Laguna Beach, California",1.0,8,08,,,E,,,,,,,,,,,,,,,,,,,,
08_RANDY_W,Randy Lee Woyak,30,Marketing Manager,"Oak Creek, Wisconsin",1.0,8,08,,,E,,,,,,,,,,,,,,,,,,,,
09_CHRIS_S,Chris Siegfried,27,Mortgage Broker,"McMinnville, Oregon",0,9,09,,,,,R,,R,,,,,W,,,D10,D10,D1,D6,D1,D1,D1,D1,
09_DREW_K,Drew Kenney,27,Digital Marketing Analyst,"Scottsdale, Arizona",10.0,9,09,,,R1,,,,,R,R,,,ED,,D14,D10,D10,D7,D1,D2,D1,D1,D1,
09_BROOKS_F,Brooks Forester,28,Sales,"Blackfoot, Idaho",9.0,9,09,A_1,,,R,,,R,,,,EQ,,,D1,D10,D10,D7,D6,D1,D1,,,
09_ZAK_W,Zak Waddell,31,Engineer,"Dallas, Texas",8.0,9,09,,,R1,,,R,,R,,E,,,,D14,D5,D10,D7,D1,D2,D1,,,
09_MICHAEL_G,Michael Garofola,33,Federal Prosecutor,"Lindenhurst, New York",7.0,9,09,A_2,,R1,,,,R,,E,,,,,D14,D10,D10,D2,D6,D1,,,,
09_JAMES_C,James Case,27,Advertising,"Marietta, Georgia",6.0,9,09,,,,,R,R,,E,,,,,,D14,D5,D1,D7,D6,,,,,
09_JUAN_G,Juan Pablo Galavis,31,Athlete,"Barquisimeto, Venezuela",6.0,9,09,,,,,,,,E,,,,,,D14,D5,D10,D7,D6,,,,,18
09_KASEY_S,Kasey Stewart,29,Advertising,"Tulsa, Oklahoma",6.0,9,09,,,,,R,,,E,,,,,,D14,D1,D10,D7,D6,,,,,
09_MIKEY_T,Mikey Tenerelli,30,Plumbing Contractor,"Glen Ellyn, Illinois",5.0,9,09,A_2,,,,,,E,,,,,,,D14,D10,D10,D7,,,,,,
09_BEN_S,Ben Scott,28,Entrepreneur,"Lubbock, Texas",5.0,9,09,A_1,,R1,R,,,ED,,,,,,,D14,D10,D10,D2,,,,,,
09_BRYDEN_V,Bryden Vukasin,26,Iraq War Veteran,"Havre, Montana",5.0,9,09,,,R1,R,,,EQ,,,,,,,D1,D5,D10,,,,,,,
09_ZACK_K,Zack Kalter,28,Book Publisher,"Phillips Ranch, California",4.0,9,09,A_1,,,,,E,,,,,,,,D14,D10,,,,,,,,
09_BRAD_M,Brad McKinzie,27,Accountant/DJ,"Denver, Colorado",4.0,9,09,,,,,,ED,,,,,,,,,D10,D1,,,,,,,
09_BRANDON_A,Brandon Andreen,26,Painting Contractor,"Blaine, Minnesota",3.0,9,09,A_3,,,,E,,,,,,,,,D14,D10,,,,,,,,
09_DAN_C,Dan Cox,30,Sales,"Dublin, California",3.0,9,09,A_2,,,,E,,,,,,,,,D14,D5,,,,,,,,
09_BRIAN_J,Brian Jarosinski,29,Financial Advisor,"Olney, Maryland",3.0,9,09,,,,,EF,,,,,,,,,D14,D10,,,,,,,,
09_NICK_M,Nick Mucci,27,Investment Adviser,"Rochester, New York",2.0,9,09,,,R1,E,,,,,,,,,,D14,,,,,,,,,
09_ROBERT_G,Robert Graham,30,Entrepreneur,"Glendale, Arizona",2.0,9,09,A_1,,,E,,,,,,,,,,,,,,,,,,,
09_WILL_R,Will Reese,28,Banker,"Federal Way, Washington",2.0,9,09,,,,E,,,,,,,,,,D14,,,,,,,,,
09_DIOGO_C,Diogo Custodio,29,Ski Resort Manager,"Penha, Brazil",1.0,9,09,,,E,,,,,,,,,,,,,,,,,,,,
09_LARRY_B,Larry Burchett,34,ER Doctor,"Overland Park, Kansas",1.0,9,09,,,E,,,,,,,,,,,,,,,,,,,,
09_MICAH_X,Micah,32,Student,"Detroit Lakes, Minnesota",1.0,9,09,,,E,,,,,,,,,,,,,,,,,,,,
09_MIKE_X,Mike,28,Student,"London, England",1.0,9,09,,,E,,,,,,,,,,,,,,,,,,,,
09_NICK_R,Nick Roy,26,Tailor/Magician,"Ridgefield, Connecticut",1.0,9,09,,,E,,,,,,,,,,,,,,,,,,,,
09_JONATHAN_V,Jonathan Vollinger,26,Lawyer,"Hickory, North Carolina",1.0,9,09,,,EU,,,,,,,,,,,,,,,,,,,,
10_JOSH_M,Josh Murray,29,Athlete,"Athens, Georgia",0,10,10,A_3,,,,R,,R,,,,,W,,D14,D12,,D1,D6,D1,D1,D1,D1,
10_NICK_V,Nick Viall,33,Sales,"Waukesha, Wisconsin",10.0,10,10,A_3,,R1,,R,,,R,R,,,EU,,,D1,D6,D9,D1,D4,D1,D1,D1,
10_CHRIS_S,Chris Soules,32,Farmer,"Lamont, Iowa",9.0,10,10,,,,R,,,,R,,,ED,,,D1,,,D9,D6,D4,D1,D1,,19
10_MARCUS_G,Marcus Grodd,25,Sports Medicine Manager,"Medicine Hat, Alberta",8.0,10,10,A_1,,,R,,R,,,,E,,,,D14,D12,D1,D9,D6,D1,D1,,,
10_BRIAN_O,Brian Osborne,27,Basketball Coach,"Camp Hill, Pennsylvania",7.0,10,10,,,,,,R,R,,E,,,,,D14,D12,D6,D1,D6,D4,,,,
10_DYLAN_P,Dylan Petitt,26,Accountant,"Longmeadow, Massachusetts",7.0,10,10,A_1,,,,,R,,,E,,,,,D14,,D1,D9,D6,D4,,,,
10_JJ_O,JJ O'Brien,30,Pantsapreneur,"Hanover, Massachusetts",6.0,10,10,,,,,R,,R,E,,,,,,,D1,,D9,D6,,,,,
10_CODY_S,Cody Sattler,28,Personal Trainer,"Oakley, Kansas",6.0,10,10,A_1,,,,,,,ED,,,,,,D14,D12,D6,D9,D1,,,,,
10_ANDREW_P,Andrew Poole,30,Social Media Marketer,"Portola Valley, California",5.0,10,10,,,,,,,E,,,,,,,,D12,D6,D9,,,,,,
10_MARQUEL_M,Marquel Martin,26,Sales,"Rialto, California",5.0,10,10,A_1,,,,,,E,,,,,,,D14,D12,D6,D9,,,,,,
10_PATRICK_J,Patrick Jagodzinski,29,Advertising,"Clinton, New Jersey",5.0,10,10,,,,,,,E,,,,,,,D14,D12,,D9,,,,,,
10_TASOS_H,Tasos Hernandez,30,Wedding Event Coordinator,"Denver, Colorado",4.0,10,10,A_1,,,,,E,,,,,,,,D14,D12,,,,,,,,
10_ERIC_H,Eric Hill,31,Explorer,"Citrus Heights, California",4.0,10,10,,,,R,,EU,,,,,,,,D1,D12,D6,,,,,,,
10_BRADLEY_W,Bradley Wisk,32,Singer,"Grosse Pointe, Michigan",3.0,10,10,,,,,E,,,,,,,,,D14,D12,,,,,,,,
10_BRETT_M,Brett Melnick,29,Hairstylist,"Warminster, Pennsylvania",3.0,10,10,A_3,,,,E,,,,,,,,,D14,D12,,,,,,,,
10_RON_W,Ron Worrell,28,Sales,"Nahariya, Israel",3.0,10,10,,,,,EQ,,,,,,,,,D14,D12,,,,,,,,
10_CARL_K,Carl King,30,Firefighter,"Hollywood, California",2.0,10,10,A_3,,,E,,,,,,,,,,D14,,,,,,,,,
10_CRAIG_M,Craig Muhlbauer,29,Tax Accountant,"Defiance, Iowa",2.0,10,10,,,,E,,,,,,,,,,D14,,,,,,,,,
10_NICK_S,Nick Sutter,27,Professional Golfer,"Barrington, Illinois",2.0,10,10,,,,E,,,,,,,,,,D14,,,,,,,,,
10_EMIL_S,Emil Schaffroth,33,Helicopter Pilot,"Portland, Oregon",1.0,10,10,,,E,,,,,,,,,,,,,,,,,,,,
10_JASON_L,Jason Leep,35,Urgent Care Physician,"Sturgeon Bay, Wisconsin",1.0,10,10,,,E,,,,,,,,,,,,,,,,,,,,
10_JOSH_B,Josh Bauer,29,Telecommunication Marketer,"Evergreen, Colorado",1.0,10,10,,,E,,,,,,,,,,,,,,,,,,,,
10_MIKE_C,Mike Campanelli,29,Bartender,"Guilderland, New York",1.0,10,10,,,E,,,,,,,,,,,,,,,,,,,,
10_RUDIE_D,Rudie Dane,31,Attorney,"Yorba Linda, California",1.0,10,10,,,E,,,,,,,,,,,,,,,,,,,,
10_STEVEN_W,Steven Woolworth,30,Snowboard Product Developer,"Meadow Vista, California",1.0,10,10,,,E,,,,,,,,,,,,,,,,,,,,
11_SHAWN_B,Shawn Booth,28,Personal Trainer,"Windsor Locks, Connecticut",0,11,11,,,R1,,R,,R,,,,W,,,,D6,D8,D1,,D3,D1,D1,,
11_NICK_V,Nick Viall,34,Sales,"Waukesha, Wisconsin",9.0,11,11,,,,,,,R,R,,,E,,,,,,D9,D1,D3,D1,D1,,21
11_BEN_H,Ben Higgins,26,Sales,"Warsaw, Indiana",8.0,11,11,,,,,R,,R,,,E,,,,D8,D6,D5,D1,D5,D1,D1,,,20
11_JARED_H,Jared Haibon,26,Restaurant Manager,"Warwick, Rhode Island",7.0,11,11,"A_2, A_3",,,,,R,,R,E,,,,,D8,D6,D1,D9,D5,D1,D1,,,
11_JOE_B,Joe Bailey,28,Insurance Agent,"Glasgow, Kentucky",7.0,11,11,A_2,,,,,,,R,ED,,,,,D7,D6,D5,,D2,D3,,,,
11_CHRIS_S,Chris Strandburg,28,Dentist,"Granite Bay, California",7.0,11,11,,,,,,R,,,ED,,,,,D7,D6,D5,D9,D5,D1,,,,
11_BEN_Z,Ben Zorn,26,Fitness Coach,"Falls Church, Virginia",6.0,11,11,A_4,,,R,R,,,E,,,,,,D8,D1,D8,D9,D5,,,,,
11_TANNER_T,Tanner Tolbert,28,Auto Finance Manager,"Stilwell, Kansas",6.0,11,11,A_2,,,,,,,E,,,,,,D8,D6,D8,D9,D5,,,,,
11_JJ_L,JJ Lane,32,Banker,"Dacono, Colorado",6.0,11,11,A_2,,,R,,,,ED,,,,,,D7,D6,D8,D9,D2,,,,,
11_JOSHUA_A,Joshua Albers,31,Industrial Welder,"Kuna, Idaho",5.0,11,11,A_2,,,,,,E,,,,,,,D7,D6,D5,D9,,,,,,
11_JUSTIN_R,Justin Reich,28,Fitness Trainer,"Elgin, Illinois",5.0,11,11,A_2,,,,,R,E,,,,,,,D8,,D8,D9,,,,,,
11_IAN_T,Ian Thomson,28,Executive Recruiter,"Ramsey, New Jersey",5.0,11,11,,,,,,,EQ,,,,,,,D7,,D5,D9,,,,,,
11_COREY_S,Corey Stansel,30,Banker,"New York, New York",4.0,11,11,,,,,,E,,,,,,,,D8,,D8,,,,,,,
11_JONATHAN_H,Jonathan Holloway,33,Automotive Spokesman,"Sylvan Lake, Michigan",4.0,11,11,A_2,,,,,E,,,,,,,,D7,D6,D8,,,,,,,
11_RYAN_B,Ryan Beckett,32,Realtor,"Wellington, Florida",4.0,11,11,A_3,,,,,E,,,,,,,,,D6,D8,,,,,,,
11_CLINT_A,Clint Arlis,27,Engineer,"Batavia, Illinois",3.0,11,11,,,,R,EU,,,,,,,,,D1,D6,,,,,,,,
11_TONY_H,Tony Harris,35,Healer,Missouri,3.0,11,11,,,,,EQ,,,,,,,,,D7,D6,,,,,,,,
11_CORY_S,Cory Shivar,35,Residential Developer,"Seven Springs, North Carolina",2.0,11,11,,,,E,,,,,,,,,,,,,,,,,,,
11_DANIEL_F,Daniel Finney,28,Designer,"Nashville, Tennessee",2.0,11,11,,,,E,,,,,,,,,,D8,,,,,,,,,
11_KUPAH_J,Kupah James,32,Entrepreneur,"Boston, Massachusetts",2.0,11,11,,,,EU,,,,,,,,,,D8,,,,,,,,,
11_BRADLEY_C,Bradley Cox,25,International Auto Shipper,"Duluth, Georgia",1.0,11,11,,,E,,,,,,,,,,,,,,,,,,,,
11_DAVID_X,David,28,Real Estate Agent,"Orlando, Florida",1.0,11,11,,,E,,,,,,,,,,,,,,,,,,,,
11_JOSH_S,Josh Seiter,27,Dancer,"Chicago, Illinois",1.0,11,11,,,E,,,,,,,,,,,,,,,,,,,,
11_SHAWN_E,Shawn Evans,31,Amateur Sex Coach,"London, Ontario",1.0,11,11,,,E,,,,,,,,,,,,,,,,,,,,
11_BRADY_T,Brady Toops,33,Writer,"Wauseon, Ohio",1.0,11,11,,,EQ,,,,,,,,,,,,,,,,,,,,
11_RYAN_M,Ryan McDill,28,Junkyard Specialist,Missouri,1.0,11,11,,,EF,,,,,,,,,,,,,,,,,,,,
12_JORDAN_R,Jordan Rodgers,27,Former Pro Quarterback,"Chico, California",0,12,12,,,R1,,,R,R,,,,,W,,D6,D12,D11,D1,D5,D1,D1,D1,D1,
12_ROBBY_H,Robby Hayes,27,Former Competitive Swimmer,"St. Augustine, Florida",10.0,12,12,"A_4, A_5",,,,,,R,,R,,,E,,D10,,D11,D9,D5,D3,D1,D1,D1,
12_CHASE_M,Chase McNary,27,Sales,"Castle Rock, Colorado",9.0,12,12,A_6,,,,R,,,R,,,ED,,,,D1,D11,D9,D2,D3,D1,D1,,
12_LUKE_P,Luke Pell,31,War Veteran,"Burnet, Texas",8.0,12,12,,,,,,R,,R,,E,,,,D10,,D1,D9,D5,D1,D1,,,
12_JAMES_T,James Taylor,29,Writer,"Katy, Texas",7.0,12,12,,,,R,R,,,,E,,,,,D6,D1,D11,D9,D5,D3,,,,
12_ALEX_W,Alex Woytkiw,25,U.S. Marine,"Oceanside, California",7.0,12,12,A_4,,,,,R,,,ED,,,,,D6,D12,D2,D9,D5,D1,,,,
12_DEREK_P,Derek Peth,29,Banker,"Waverly, Iowa",6.0,12,12,"A_4, A_6",,,R,,,R,ED,,,,,,D1,,D11,D1,D2,,,,,
12_WELLS_A,Wells Adams,31,Radio DJ,"Monterey, California",6.0,12,12,A_3,,,R,,,,ED,,,,,,D10,D12,D11,D9,D1,,,,,
12_EVAN_B,Evan Bass,33,Erectile Dysfunction Specialist,"Hartford, Connecticut",5.0,12,12,A_3,,,,R,,E,,,,,,,D10,D12,D11,D9,,,,,,
12_GRANT_K,Grant Kemp,27,Firefighter,"San Francisco, California",5.0,12,12,A_3,,,,,,E,,,,,,,D10,D12,D11,D9,,,,,,
12_VINCENT_V,"Vincent ""Vinny"" Ventiera",28,Barber,"Kings Park, New York",5.0,12,12,"A_3, A_4",,,,,,E,,,,,,,D10,D12,D11,D9,,,,,,
12_DANIEL_M,Daniel Maguire,31,Model,"Lions Bay, British Columbia",4.0,12,12,"A_3, A_4",,,,,E,,,,,,,,D10,D12,D11,,,,,,,
12_JAMES_F,James Fuertes,34,Business Owner,"Franklin, Tennessee",4.0,12,12,,,,,,E,,,,,,,,D10,D12,D11,,,,,,,
12_CHAD_J,Chad Johnson,28,Luxury Real Estate Agent,"Jenks, Oklahoma",4.0,12,12,A_3,,,,,ED,,,,,,,,D6,D12,D2,,,,,,,
12_ALI_Z,Ali Zahiri,27,Bartender,"Santa Monica, California",3.0,12,12,,,,,E,,,,,,,,,D10,D12,,,,,,,,
12_CHRISTIAN_B,Christian Bishop,26,Consultant,"Los Angeles, California",3.0,12,12,A_3,,,,E,,,,,,,,,D6,D12,,,,,,,,
12_NICK_B,Nick Benvenutti,33,Engineer,"Carthage, Illinois",3.0,12,12,A_4,,,,E,,,,,,,,,D6,D12,,,,,,,,
12_BRANDON_H,Brandon Howell,28,Hipster,"Marysville, Washington",2.0,12,12,,,,E,,,,,,,,,,,,,,,,,,,
12_JAMES_S,James Spadafore,27,Bachelor Superfan,"Phoenix, Arizona",2.0,12,12,,,,E,,,,,,,,,,,,,,,,,,,
12_WILL_H,Will Haduch,26,Engineer,"Jersey City, New Jersey",2.0,12,12,,,,E,,,,,,,,,,D10,,,,,,,,,
12_COLEY_K,Coley Knust,27,Consultant,"Chicago, Illinois",1.0,12,12,,,E,,,,,,,,,,,,,,,,,,,,
12_JAKE_P,Jake Patton,26,Landscape Architect,"Playa Vista, California",1.0,12,12,,,E,,,,,,,,,,,,,,,,,,,,
12_JONATHAN_H,Jonathan Hamilton,29,Sales,"Vancouver, British Columbia",1.0,12,12,,,E,,,,,,,,,,,,,,,,,,,,
12_NICK_S,Nick Sharp,26,Sales,"San Francisco, California",1.0,12,12,,,E,,,,,,,,,,,,,,,,,,,,
12_PETER_M,Peter Medina,26,Staffing Agency Manager,"Rockdale, Illinois",1.0,12,12,,,E,,,,,,,,,,,,,,,,,,,,
12_SAL_D,Sal DeJulio,28,Operations Manager,"Hubbard, Ohio",1.0,12,12,,,E,,,,,,,,,,,,,,,,,,,,
,,,,,,,,,,,,,,,,,,,,,,,,,,,,,,
,,,,,,,,,,,,,,,,,,,,,,,,,,,,,,
,,,,,,,,,,,,,,,,,,,,,,,,,,,,,,
,,,,,,,,,,,,,,,,,,,,,,,,,,,,,,
,,,,,,,,,,,,,,,,,,,,,,,,,,,,,,
,,,,,,,,,,,,,,,,,,,,,,,,,,,,,,
,,,,,,,,,,,,,,,,,,,,,,,,,,,,,,
,,,,,,,,,,,,,,,,,,,,,,,,,,,,,,
,,,,,,,,,,,,,,,,,,,,,,,,,,,,,,
,,,,,,,,,,,,,,,,,,,,,,,,,,,,,,
,,,,,,,,,,,,,,,,,,,,,,,,,,,,,,
,,,,,,,,,,,,,,,,,,,,,,,,,,,,,,
,,,,,,,,,,,,,,,,,,,,,,,,,,,,,,
,,,,,,,,,,,,,,,,,,,,,,,,,,,,,,
,,,,,,,,,,,,,,,,,,,,,,,,,,,,,,
,,,,,,,,,,,,,,,,,,,,,,,,,,,,,,
,,,,,,,,,,,,,,,,,,,,,,,,,,,,,,
,,,,,,,,,,,,,,,,,,,,,,,,,,,,,,
,,,,,,,,,,,,,,,,,,,,,,,,,,,,,,
,,,,,,,,,,,,,,,,,,,,,,,,,,,,,,
,,,,,,,,,,,,,,,,,,,,,,,,,,,,,,
,,,,,,,,,,,,,,,,,,,,,,,,,,,,,,
,,,,,,,,,,,,,,,,,,,,,,,,,,,,,,
,,,,,,,,,,,,,,,,,,,,,,,,,,,,,,
,,,,,,,,,,,,,,,,,,,,,,,,,,,,,,
,,,,,,,,,,,,,,,,,,,,,,,,,,,,,,
,,,,,,,,,,,,,,,,,,,,,,,,,,,,,,
,,,,,,,,,,,,,,,,,,,,,,,,,,,,,,
,,,,,,,,,,,,,,,,,,,,,,,,,,,,,,
,,,,,,,,,,,,,,,,,,,,,,,,,,,,,,
,,,,,,,,,,,,,,,,,,,,,,,,,,,,,,
,,,,,,,,,,,,,,,,,,,,,,,,,,,,,,
,,,,,,,,,,,,,,,,,,,,,,,,,,,,,,
,,,,,,,,,,,,,,,,,,,,,,,,,,,,,,
,,,,,,,,,,,,,,,,,,,,,,,,,,,,,,
,,,,,,,,,,,,,,,,,,,,,,,,,,,,,,
,,,,,,,,,,,,,,,,,,,,,,,,,,,,,,
,,,,,,,,,,,,,,,,,,,,,,,,,,,,,,
,,,,,,,,,,,,,,,,,,,,,,,,,,,,,,
,,,,,,,,,,,,,,,,,,,,,,,,,,,,,,
,,,,,,,,,,,,,,,,,,,,,,,,,,,,,,
,,,,,,,,,,,,,,,,,,,,,,,,,,,,,,
,,,,,,,,,,,,,,,,,,,,,,,,,,,,,,
,,,,,,,,,,,,,,,,,,,,,,,,,,,,,,
,,,,,,,,,,,,,,,,,,,,,,,,,,,,,,
,,,,,,,,,,,,,,,,,,,,,,,,,,,,,,
,,,,,,,,,,,,,,,,,,,,,,,,,,,,,,
,,,,,,,,,,,,,,,,,,,,,,,,,,,,,,
,,,,,,,,,,,,,,,,,,,,,,,,,,,,,,
,,,,,,,,,,,,,,,,,,,,,,,,,,,,,,
,,,,,,,,,,,,,,,,,,,,,,,,,,,,,,
,,,,,,,,,,,,,,,,,,,,,,,,,,,,,,
,,,,,,,,,,,,,,,,,,,,,,,,,,,,,,
,,,,,,,,,,,,,,,,,,,,,,,,,,,,,,
,,,,,,,,,,,,,,,,,,,,,,,,,,,,,,
,,,,,,,,,,,,,,,,,,,,,,,,,,,,,,
,,,,,,,,,,,,,,,,,,,,,,,,,,,,,,
,,,,,,,,,,,,,,,,,,,,,,,,,,,,,,
,,,,,,,,,,,,,,,,,,,,,,,,,,,,,,
,,,,,,,,,,,,,,,,,,,,,,,,,,,,,,
,,,,,,,,,,,,,,,,,,,,,,,,,,,,,,
,,,,,,,,,,,,,,,,,,,,,,,,,,,,,,
,,,,,,,,,,,,,,,,,,,,,,,,,,,,,,
,,,,,,,,,,,,,,,,,,,,,,,,,,,,,,
,,,,,,,,,,,,,,,,,,,,,,,,,,,,,,
,,,,,,,,,,,,,,,,,,,,,,,,,,,,,,
,,,,,,,,,,,,,,,,,,,,,,,,,,,,,,
,,,,,,,,,,,,,,,,,,,,,,,,,,,,,,
,,,,,,,,,,,,,,,,,,,,,,,,,,,,,,
,,,,,,,,,,,,,,,,,,,,,,,,,,,,,,
,,,,,,,,,,,,,,,,,,,,,,,,,,,,,,
,,,,,,,,,,,,,,,,,,,,,,,,,,,,,,
,,,,,,,,,,,,,,,,,,,,,,,,,,,,,,
,,,,,,,,,,,,,,,,,,,,,,,,,,,,,,
,,,,,,,,,,,,,,,,,,,,,,,,,,,,,,
,,,,,,,,,,,,,,,,,,,,,,,,,,,,,,
,,,,,,,,,,,,,,,,,,,,,,,,,,,,,,
,,,,,,,,,,,,,,,,,,,,,,,,,,,,,,
,,,,,,,,,,,,,,,,,,,,,,,,,,,,,,
,,,,,,,,,,,,,,,,,,,,,,,,,,,,,,
,,,,,,,,,,,,,,,,,,,,,,,,,,,,,,
,,,,,,,,,,,,,,,,,,,,,,,,,,,,,,
,,,,,,,,,,,,,,,,,,,,,,,,,,,,,,
,,,,,,,,,,,,,,,,,,,,,,,,,,,,,,
,,,,,,,,,,,,,,,,,,,,,,,,,,,,,,
,,,,,,,,,,,,,,,,,,,,,,,,,,,,,,
,,,,,,,,,,,,,,,,,,,,,,,,,,,,,,
,,,,,,,,,,,,,,,,,,,,,,,,,,,,,,
,,,,,,,,,,,,,,,,,,,,,,,,,,,,,,
,,,,,,,,,,,,,,,,,,,,,,,,,,,,,,
,,,,,,,,,,,,,,,,,,,,,,,,,,,,,,
,,,,,,,,,,,,,,,,,,,,,,,,,,,,,,
,,,,,,,,,,,,,,,,,,,,,,,,,,,,,,
,,,,,,,,,,,,,,,,,,,,,,,,,,,,,,
,,,,,,,,,,,,,,,,,,,,,,,,,,,,,,
,,,,,,,,,,,,,,,,,,,,,,,,,,,,,,
,,,,,,,,,,,,,,,,,,,,,,,,,,,,,,
,,,,,,,,,,,,,,,,,,,,,,,,,,,,,,
,,,,,,,,,,,,,,,,,,,,,,,,,,,,,,
,,,,,,,,,,,,,,,,,,,,,,,,,,,,,,
,,,,,,,,,,,,,,,,,,,,,,,,,,,,,,
,,,,,,,,,,,,,,,,,,,,,,,,,,,,,,
,,,,,,,,,,,,,,,,,,,,,,,,,,,,,,
,,,,,,,,,,,,,,,,,,,,,,,,,,,,,,
,,,,,,,,,,,,,,,,,,,,,,,,,,,,,,
,,,,,,,,,,,,,,,,,,,,,,,,,,,,,,
,,,,,,,,,,,,,,,,,,,,,,,,,,,,,,
,,,,,,,,,,,,,,,,,,,,,,,,,,,,,,
,,,,,,,,,,,,,,,,,,,,,,,,,,,,,,
,,,,,,,,,,,,,,,,,,,,,,,,,,,,,,
,,,,,,,,,,,,,,,,,,,,,,,,,,,,,,
,,,,,,,,,,,,,,,,,,,,,,,,,,,,,,
,,,,,,,,,,,,,,,,,,,,,,,,,,,,,,
,,,,,,,,,,,,,,,,,,,,,,,,,,,,,,
,,,,,,,,,,,,,,,,,,,,,,,,,,,,,,
,,,,,,,,,,,,,,,,,,,,,,,,,,,,,,
,,,,,,,,,,,,,,,,,,,,,,,,,,,,,,
,,,,,,,,,,,,,,,,,,,,,,,,,,,,,,
,,,,,,,,,,,,,,,,,,,,,,,,,,,,,,
,,,,,,,,,,,,,,,,,,,,,,,,,,,,,,
,,,,,,,,,,,,,,,,,,,,,,,,,,,,,,
,,,,,,,,,,,,,,,,,,,,,,,,,,,,,,
,,,,,,,,,,,,,,,,,,,,,,,,,,,,,,
,,,,,,,,,,,,,,,,,,,,,,,,,,,,,,
,,,,,,,,,,,,,,,,,,,,,,,,,,,,,,
,,,,,,,,,,,,,,,,,,,,,,,,,,,,,,
,,,,,,,,,,,,,,,,,,,,,,,,,,,,,,
,,,,,,,,,,,,,,,,,,,,,,,,,,,,,,
,,,,,,,,,,,,,,,,,,,,,,,,,,,,,,
,,,,,,,,,,,,,,,,,,,,,,,,,,,,,,
,,,,,,,,,,,,,,,,,,,,,,,,,,,,,,
,,,,,,,,,,,,,,,,,,,,,,,,,,,,,,
,,,,,,,,,,,,,,,,,,,,,,,,,,,,,,
,,,,,,,,,,,,,,,,,,,,,,,,,,,,,,
,,,,,,,,,,,,,,,,,,,,,,,,,,,,,,
,,,,,,,,,,,,,,,,,,,,,,,,,,,,,,
,,,,,,,,,,,,,,,,,,,,,,,,,,,,,,
,,,,,,,,,,,,,,,,,,,,,,,,,,,,,,
,,,,,,,,,,,,,,,,,,,,,,,,,,,,,,
,,,,,,,,,,,,,,,,,,,,,,,,,,,,,,
,,,,,,,,,,,,,,,,,,,,,,,,,,,,,,
,,,,,,,,,,,,,,,,,,,,,,,,,,,,,,
,,,,,,,,,,,,,,,,,,,,,,,,,,,,,,
,,,,,,,,,,,,,,,,,,,,,,,,,,,,,,
,,,,,,,,,,,,,,,,,,,,,,,,,,,,,,
,,,,,,,,,,,,,,,,,,,,,,,,,,,,,,
,,,,,,,,,,,,,,,,,,,,,,,,,,,,,,
,,,,,,,,,,,,,,,,,,,,,,,,,,,,,,
,,,,,,,,,,,,,,,,,,,,,,,,,,,,,,
,,,,,,,,,,,,,,,,,,,,,,,,,,,,,,
,,,,,,,,,,,,,,,,,,,,,,,,,,,,,,
,,,,,,,,,,,,,,,,,,,,,,,,,,,,,,
,,,,,,,,,,,,,,,,,,,,,,,,,,,,,,
,,,,,,,,,,,,,,,,,,,,,,,,,,,,,,
,,,,,,,,,,,,,,,,,,,,,,,,,,,,,,
,,,,,,,,,,,,,,,,,,,,,,,,,,,,,,
,,,,,,,,,,,,,,,,,,,,,,,,,,,,,,
,,,,,,,,,,,,,,,,,,,,,,,,,,,,,,
,,,,,,,,,,,,,,,,,,,,,,,,,,,,,,
,,,,,,,,,,,,,,,,,,,,,,,,,,,,,,
,,,,,,,,,,,,,,,,,,,,,,,,,,,,,,
,,,,,,,,,,,,,,,,,,,,,,,,,,,,,,
,,,,,,,,,,,,,,,,,,,,,,,,,,,,,,
,,,,,,,,,,,,,,,,,,,,,,,,,,,,,,
,,,,,,,,,,,,,,,,,,,,,,,,,,,,,,
,,,,,,,,,,,,,,,,,,,,,,,,,,,,,,
,,,,,,,,,,,,,,,,,,,,,,,,,,,,,,
,,,,,,,,,,,,,,,,,,,,,,,,,,,,,,
,,,,,,,,,,,,,,,,,,,,,,,,,,,,,,
,,,,,,,,,,,,,,,,,,,,,,,,,,,,,,
,,,,,,,,,,,,,,,,,,,,,,,,,,,,,,
,,,,,,,,,,,,,,,,,,,,,,,,,,,,,,
,,,,,,,,,,,,,,,,,,,,,,,,,,,,,,
,,,,,,,,,,,,,,,,,,,,,,,,,,,,,,
,,,,,,,,,,,,,,,,,,,,,,,,,,,,,,
,,,,,,,,,,,,,,,,,,,,,,,,,,,,,,
,,,,,,,,,,,,,,,,,,,,,,,,,,,,,,
,,,,,,,,,,,,,,,,,,,,,,,,,,,,,,
,,,,,,,,,,,,,,,,,,,,,,,,,,,,,,
,,,,,,,,,,,,,,,,,,,,,,,,,,,,,,
,,,,,,,,,,,,,,,,,,,,,,,,,,,,,,
,,,,,,,,,,,,,,,,,,,,,,,,,,,,,,
,,,,,,,,,,,,,,,,,,,,,,,,,,,,,,
,,,,,,,,,,,,,,,,,,,,,,,,,,,,,,
,,,,,,,,,,,,,,,,,,,,,,,,,,,,,,
,,,,,,,,,,,,,,,,,,,,,,,,,,,,,,
,,,,,,,,,,,,,,,,,,,,,,,,,,,,,,
,,,,,,,,,,,,,,,,,,,,,,,,,,,,,,
,,,,,,,,,,,,,,,,,,,,,,,,,,,,,,
,,,,,,,,,,,,,,,,,,,,,,,,,,,,,,
,,,,,,,,,,,,,,,,,,,,,,,,,,,,,,
,,,,,,,,,,,,,,,,,,,,,,,,,,,,,,
,,,,,,,,,,,,,,,,,,,,,,,,,,,,,,
,,,,,,,,,,,,,,,,,,,,,,,,,,,,,,
,,,,,,,,,,,,,,,,,,,,,,,,,,,,,,
,,,,,,,,,,,,,,,,,,,,,,,,,,,,,,
,,,,,,,,,,,,,,,,,,,,,,,,,,,,,,
,,,,,,,,,,,,,,,,,,,,,,,,,,,,,,
,,,,,,,,,,,,,,,,,,,,,,,,,,,,,,
,,,,,,,,,,,,,,,,,,,,,,,,,,,,,,
,,,,,,,,,,,,,,,,,,,,,,,,,,,,,,
,,,,,,,,,,,,,,,,,,,,,,,,,,,,,,
,,,,,,,,,,,,,,,,,,,,,,,,,,,,,,
,,,,,,,,,,,,,,,,,,,,,,,,,,,,,,
,,,,,,,,,,,,,,,,,,,,,,,,,,,,,,
,,,,,,,,,,,,,,,,,,,,,,,,,,,,,,
,,,,,,,,,,,,,,,,,,,,,,,,,,,,,,
,,,,,,,,,,,,,,,,,,,,,,,,,,,,,,
,,,,,,,,,,,,,,,,,,,,,,,,,,,,,,
,,,,,,,,,,,,,,,,,,,,,,,,,,,,,,
,,,,,,,,,,,,,,,,,,,,,,,,,,,,,,
,,,,,,,,,,,,,,,,,,,,,,,,,,,,,,
,,,,,,,,,,,,,,,,,,,,,,,,,,,,,,
,,,,,,,,,,,,,,,,,,,,,,,,,,,,,,
,,,,,,,,,,,,,,,,,,,,,,,,,,,,,,
,,,,,,,,,,,,,,,,,,,,,,,,,,,,,,
,,,,,,,,,,,,,,,,,,,,,,,,,,,,,,
,,,,,,,,,,,,,,,,,,,,,,,,,,,,,,
,,,,,,,,,,,,,,,,,,,,,,,,,,,,,,
,,,,,,,,,,,,,,,,,,,,,,,,,,,,,,
,,,,,,,,,,,,,,,,,,,,,,,,,,,,,,
,,,,,,,,,,,,,,,,,,,,,,,,,,,,,,
,,,,,,,,,,,,,,,,,,,,,,,,,,,,,,
,,,,,,,,,,,,,,,,,,,,,,,,,,,,,,
,,,,,,,,,,,,,,,,,,,,,,,,,,,,,,
,,,,,,,,,,,,,,,,,,,,,,,,,,,,,,
,,,,,,,,,,,,,,,,,,,,,,,,,,,,,,
,,,,,,,,,,,,,,,,,,,,,,,,,,,,,,
,,,,,,,,,,,,,,,,,,,,,,,,,,,,,,
,,,,,,,,,,,,,,,,,,,,,,,,,,,,,,
,,,,,,,,,,,,,,,,,,,,,,,,,,,,,,
,,,,,,,,,,,,,,,,,,,,,,,,,,,,,,
,,,,,,,,,,,,,,,,,,,,,,,,,,,,,,
,,,,,,,,,,,,,,,,,,,,,,,,,,,,,,
,,,,,,,,,,,,,,,,,,,,,,,,,,,,,,
,,,,,,,,,,,,,,,,,,,,,,,,,,,,,,
,,,,,,,,,,,,,,,,,,,,,,,,,,,,,,
,,,,,,,,,,,,,,,,,,,,,,,,,,,,,,
,,,,,,,,,,,,,,,,,,,,,,,,,,,,,,
,,,,,,,,,,,,,,,,,,,,,,,,,,,,,,
,,,,,,,,,,,,,,,,,,,,,,,,,,,,,,
,,,,,,,,,,,,,,,,,,,,,,,,,,,,,,
,,,,,,,,,,,,,,,,,,,,,,,,,,,,,,
,,,,,,,,,,,,,,,,,,,,,,,,,,,,,,
,,,,,,,,,,,,,,,,,,,,,,,,,,,,,,
,,,,,,,,,,,,,,,,,,,,,,,,,,,,,,
,,,,,,,,,,,,,,,,,,,,,,,,,,,,,,
,,,,,,,,,,,,,,,,,,,,,,,,,,,,,,
,,,,,,,,,,,,,,,,,,,,,,,,,,,,,,
,,,,,,,,,,,,,,,,,,,,,,,,,,,,,,
,,,,,,,,,,,,,,,,,,,,,,,,,,,,,,
,,,,,,,,,,,,,,,,,,,,,,,,,,,,,,
,,,,,,,,,,,,,,,,,,,,,,,,,,,,,,
,,,,,,,,,,,,,,,,,,,,,,,,,,,,,,
,,,,,,,,,,,,,,,,,,,,,,,,,,,,,,
,,,,,,,,,,,,,,,,,,,,,,,,,,,,,,
,,,,,,,,,,,,,,,,,,,,,,,,,,,,,,
,,,,,,,,,,,,,,,,,,,,,,,,,,,,,,
,,,,,,,,,,,,,,,,,,,,,,,,,,,,,,
,,,,,,,,,,,,,,,,,,,,,,,,,,,,,,
,,,,,,,,,,,,,,,,,,,,,,,,,,,,,,
,,,,,,,,,,,,,,,,,,,,,,,,,,,,,,
,,,,,,,,,,,,,,,,,,,,,,,,,,,,,,
,,,,,,,,,,,,,,,,,,,,,,,,,,,,,,
,,,,,,,,,,,,,,,,,,,,,,,,,,,,,,
,,,,,,,,,,,,,,,,,,,,,,,,,,,,,,
,,,,,,,,,,,,,,,,,,,,,,,,,,,,,,
,,,,,,,,,,,,,,,,,,,,,,,,,,,,,,
,,,,,,,,,,,,,,,,,,,,,,,,,,,,,,
,,,,,,,,,,,,,,,,,,,,,,,,,,,,,,
,,,,,,,,,,,,,,,,,,,,,,,,,,,,,,
,,,,,,,,,,,,,,,,,,,,,,,,,,,,,,
,,,,,,,,,,,,,,,,,,,,,,,,,,,,,,
,,,,,,,,,,,,,,,,,,,,,,,,,,,,,,
,,,,,,,,,,,,,,,,,,,,,,,,,,,,,,
,,,,,,,,,,,,,,,,,,,,,,,,,,,,,,
,,,,,,,,,,,,,,,,,,,,,,,,,,,,,,
,,,,,,,,,,,,,,,,,,,,,,,,,,,,,,
,,,,,,,,,,,,,,,,,,,,,,,,,,,,,,
,,,,,,,,,,,,,,,,,,,,,,,,,,,,,,
,,,,,,,,,,,,,,,,,,,,,,,,,,,,,,
,,,,,,,,,,,,,,,,,,,,,,,,,,,,,,
,,,,,,,,,,,,,,,,,,,,,,,,,,,,,,
,,,,,,,,,,,,,,,,,,,,,,,,,,,,,,
,,,,,,,,,,,,,,,,,,,,,,,,,,,,,,
,,,,,,,,,,,,,,,,,,,,,,,,,,,,,,
,,,,,,,,,,,,,,,,,,,,,,,,,,,,,,
,,,,,,,,,,,,,,,,,,,,,,,,,,,,,,
,,,,,,,,,,,,,,,,,,,,,,,,,,,,,,
,,,,,,,,,,,,,,,,,,,,,,,,,,,,,,
,,,,,,,,,,,,,,,,,,,,,,,,,,,,,,
,,,,,,,,,,,,,,,,,,,,,,,,,,,,,,
,,,,,,,,,,,,,,,,,,,,,,,,,,,,,,
,,,,,,,,,,,,,,,,,,,,,,,,,,,,,,
,,,,,,,,,,,,,,,,,,,,,,,,,,,,,,
,,,,,,,,,,,,,,,,,,,,,,,,,,,,,,
,,,,,,,,,,,,,,,,,,,,,,,,,,,,,,
,,,,,,,,,,,,,,,,,,,,,,,,,,,,,,
,,,,,,,,,,,,,,,,,,,,,,,,,,,,,,
,,,,,,,,,,,,,,,,,,,,,,,,,,,,,,
,,,,,,,,,,,,,,,,,,,,,,,,,,,,,,
,,,,,,,,,,,,,,,,,,,,,,,,,,,,,,
,,,,,,,,,,,,,,,,,,,,,,,,,,,,,,
,,,,,,,,,,,,,,,,,,,,,,,,,,,,,,
,,,,,,,,,,,,,,,,,,,,,,,,,,,,,,
,,,,,,,,,,,,,,,,,,,,,,,,,,,,,,
,,,,,,,,,,,,,,,,,,,,,,,,,,,,,,
,,,,,,,,,,,,,,,,,,,,,,,,,,,,,,
,,,,,,,,,,,,,,,,,,,,,,,,,,,,,,
,,,,,,,,,,,,,,,,,,,,,,,,,,,,,,
,,,,,,,,,,,,,,,,,,,,,,,,,,,,,,
,,,,,,,,,,,,,,,,,,,,,,,,,,,,,,
,,,,,,,,,,,,,,,,,,,,,,,,,,,,,,
,,,,,,,,,,,,,,,,,,,,,,,,,,,,,,
,,,,,,,,,,,,,,,,,,,,,,,,,,,,,,
,,,,,,,,,,,,,,,,,,,,,,,,,,,,,,
,,,,,,,,,,,,,,,,,,,,,,,,,,,,,,
,,,,,,,,,,,,,,,,,,,,,,,,,,,,,,
,,,,,,,,,,,,,,,,,,,,,,,,,,,,,,
,,,,,,,,,,,,,,,,,,,,,,,,,,,,,,
,,,,,,,,,,,,,,,,,,,,,,,,,,,,,,
,,,,,,,,,,,,,,,,,,,,,,,,,,,,,,
,,,,,,,,,,,,,,,,,,,,,,,,,,,,,,
,,,,,,,,,,,,,,,,,,,,,,,,,,,,,,
,,,,,,,,,,,,,,,,,,,,,,,,,,,,,,
,,,,,,,,,,,,,,,,,,,,,,,,,,,,,,
,,,,,,,,,,,,,,,,,,,,,,,,,,,,,,
,,,,,,,,,,,,,,,,,,,,,,,,,,,,,,
,,,,,,,,,,,,,,,,,,,,,,,,,,,,,,
,,,,,,,,,,,,,,,,,,,,,,,,,,,,,,
,,,,,,,,,,,,,,,,,,,,,,,,,,,,,,
,,,,,,,,,,,,,,,,,,,,,,,,,,,,,,
,,,,,,,,,,,,,,,,,,,,,,,,,,,,,,
,,,,,,,,,,,,,,,,,,,,,,,,,,,,,,
,,,,,,,,,,,,,,,,,,,,,,,,,,,,,,
,,,,,,,,,,,,,,,,,,,,,,,,,,,,,,
,,,,,,,,,,,,,,,,,,,,,,,,,,,,,,
,,,,,,,,,,,,,,,,,,,,,,,,,,,,,,
,,,,,,,,,,,,,,,,,,,,,,,,,,,,,,
,,,,,,,,,,,,,,,,,,,,,,,,,,,,,,
,,,,,,,,,,,,,,,,,,,,,,,,,,,,,,
,,,,,,,,,,,,,,,,,,,,,,,,,,,,,,
,,,,,,,,,,,,,,,,,,,,,,,,,,,,,,
,,,,,,,,,,,,,,,,,,,,,,,,,,,,,,
,,,,,,,,,,,,,,,,,,,,,,,,,,,,,,
,,,,,,,,,,,,,,,,,,,,,,,,,,,,,,
,,,,,,,,,,,,,,,,,,,,,,,,,,,,,,
,,,,,,,,,,,,,,,,,,,,,,,,,,,,,,
,,,,,,,,,,,,,,,,,,,,,,,,,,,,,,
,,,,,,,,,,,,,,,,,,,,,,,,,,,,,,
,,,,,,,,,,,,,,,,,,,,,,,,,,,,,,
,,,,,,,,,,,,,,,,,,,,,,,,,,,,,,
,,,,,,,,,,,,,,,,,,,,,,,,,,,,,,
,,,,,,,,,,,,,,,,,,,,,,,,,,,,,,
,,,,,,,,,,,,,,,,,,,,,,,,,,,,,,
,,,,,,,,,,,,,,,,,,,,,,,,,,,,,,
,,,,,,,,,,,,,,,,,,,,,,,,,,,,,,
,,,,,,,,,,,,,,,,,,,,,,,,,,,,,,
,,,,,,,,,,,,,,,,,,,,,,,,,,,,,,
,,,,,,,,,,,,,,,,,,,,,,,,,,,,,,
,,,,,,,,,,,,,,,,,,,,,,,,,,,,,,
,,,,,,,,,,,,,,,,,,,,,,,,,,,,,,
,,,,,,,,,,,,,,,,,,,,,,,,,,,,,,
,,,,,,,,,,,,,,,,,,,,,,,,,,,,,,
,,,,,,,,,,,,,,,,,,,,,,,,,,,,,,
,,,,,,,,,,,,,,,,,,,,,,,,,,,,,,
,,,,,,,,,,,,,,,,,,,,,,,,,,,,,,
,,,,,,,,,,,,,,,,,,,,,,,,,,,,,,
,,,,,,,,,,,,,,,,,,,,,,,,,,,,,,
,,,,,,,,,,,,,,,,,,,,,,,,,,,,,,
,,,,,,,,,,,,,,,,,,,,,,,,,,,,,,
,,,,,,,,,,,,,,,,,,,,,,,,,,,,,,
,,,,,,,,,,,,,,,,,,,,,,,,,,,,,,
,,,,,,,,,,,,,,,,,,,,,,,,,,,,,,
,,,,,,,,,,,,,,,,,,,,,,,,,,,,,,
,,,,,,,,,,,,,,,,,,,,,,,,,,,,,,
,,,,,,,,,,,,,,,,,,,,,,,,,,,,,,
,,,,,,,,,,,,,,,,,,,,,,,,,,,,,,
,,,,,,,,,,,,,,,,,,,,,,,,,,,,,,
,,,,,,,,,,,,,,,,,,,,,,,,,,,,,,
,,,,,,,,,,,,,,,,,,,,,,,,,,,,,,
,,,,,,,,,,,,,,,,,,,,,,,,,,,,,,
,,,,,,,,,,,,,,,,,,,,,,,,,,,,,,
,,,,,,,,,,,,,,,,,,,,,,,,,,,,,,
,,,,,,,,,,,,,,,,,,,,,,,,,,,,,,
,,,,,,,,,,,,,,,,,,,,,,,,,,,,,,
,,,,,,,,,,,,,,,,,,,,,,,,,,,,,,
,,,,,,,,,,,,,,,,,,,,,,,,,,,,,,
,,,,,,,,,,,,,,,,,,,,,,,,,,,,,,
,,,,,,,,,,,,,,,,,,,,,,,,,,,,,,
,,,,,,,,,,,,,,,,,,,,,,,,,,,,,,
,,,,,,,,,,,,,,,,,,,,,,,,,,,,,,
,,,,,,,,,,,,,,,,,,,,,,,,,,,,,,
,,,,,,,,,,,,,,,,,,,,,,,,,,,,,,
,,,,,,,,,,,,,,,,,,,,,,,,,,,,,,
,,,,,,,,,,,,,,,,,,,,,,,,,,,,,,
,,,,,,,,,,,,,,,,,,,,,,,,,,,,,,
,,,,,,,,,,,,,,,,,,,,,,,,,,,,,,
,,,,,,,,,,,,,,,,,,,,,,,,,,,,,,
,,,,,,,,,,,,,,,,,,,,,,,,,,,,,,
,,,,,,,,,,,,,,,,,,,,,,,,,,,,,,
,,,,,,,,,,,,,,,,,,,,,,,,,,,,,,
,,,,,,,,,,,,,,,,,,,,,,,,,,,,,,
,,,,,,,,,,,,,,,,,,,,,,,,,,,,,,
,,,,,,,,,,,,,,,,,,,,,,,,,,,,,,
,,,,,,,,,,,,,,,,,,,,,,,,,,,,,,
,,,,,,,,,,,,,,,,,,,,,,,,,,,,,,
,,,,,,,,,,,,,,,,,,,,,,,,,,,,,,
,,,,,,,,,,,,,,,,,,,,,,,,,,,,,,
,,,,,,,,,,,,,,,,,,,,,,,,,,,,,,
,,,,,,,,,,,,,,,,,,,,,,,,,,,,,,
,,,,,,,,,,,,,,,,,,,,,,,,,,,,,,
,,,,,,,,,,,,,,,,,,,,,,,,,,,,,,
,,,,,,,,,,,,,,,,,,,,,,,,,,,,,,
,,,,,,,,,,,,,,,,,,,,,,,,,,,,,,
,,,,,,,,,,,,,,,,,,,,,,,,,,,,,,
,,,,,,,,,,,,,,,,,,,,,,,,,,,,,,
,,,,,,,,,,,,,,,,,,,,,,,,,,,,,,
,,,,,,,,,,,,,,,,,,,,,,,,,,,,,,
,,,,,,,,,,,,,,,,,,,,,,,,,,,,,,
,,,,,,,,,,,,,,,,,,,,,,,,,,,,,,
,,,,,,,,,,,,,,,,,,,,,,,,,,,,,,
,,,,,,,,,,,,,,,,,,,,,,,,,,,,,,
,,,,,,,,,,,,,,,,,,,,,,,,,,,,,,
,,,,,,,,,,,,,,,,,,,,,,,,,,,,,,
,,,,,,,,,,,,,,,,,,,,,,,,,,,,,,
,,,,,,,,,,,,,,,,,,,,,,,,,,,,,,
,,,,,,,,,,,,,,,,,,,,,,,,,,,,,,
,,,,,,,,,,,,,,,,,,,,,,,,,,,,,,
,,,,,,,,,,,,,,,,,,,,,,,,,,,,,,
,,,,,,,,,,,,,,,,,,,,,,,,,,,,,,
,,,,,,,,,,,,,,,,,,,,,,,,,,,,,,
,,,,,,,,,,,,,,,,,,,,,,,,,,,,,,
,,,,,,,,,,,,,,,,,,,,,,,,,,,,,,
,,,,,,,,,,,,,,,,,,,,,,,,,,,,,,
,,,,,,,,,,,,,,,,,,,,,,,,,,,,,,
,,,,,,,,,,,,,,,,,,,,,,,,,,,,,,
,,,,,,,,,,,,,,,,,,,,,,,,,,,,,,
,,,,,,,,,,,,,,,,,,,,,,,,,,,,,,
,,,,,,,,,,,,,,,,,,,,,,,,,,,,,,
,,,,,,,,,,,,,,,,,,,,,,,,,,,,,,
,,,,,,,,,,,,,,,,,,,,,,,,,,,,,,
,,,,,,,,,,,,,,,,,,,,,,,,,,,,,,
,,,,,,,,,,,,,,,,,,,,,,,,,,,,,,
,,,,,,,,,,,,,,,,,,,,,,,,,,,,,,
,,,,,,,,,,,,,,,,,,,,,,,,,,,,,,
,,,,,,,,,,,,,,,,,,,,,,,,,,,,,,
,,,,,,,,,,,,,,,,,,,,,,,,,,,,,,
,,,,,,,,,,,,,,,,,,,,,,,,,,,,,,
,,,,,,,,,,,,,,,,,,,,,,,,,,,,,,
,,,,,,,,,,,,,,,,,,,,,,,,,,,,,,
,,,,,,,,,,,,,,,,,,,,,,,,,,,,,,
,,,,,,,,,,,,,,,,,,,,,,,,,,,,,,
,,,,,,,,,,,,,,,,,,,,,,,,,,,,,,
,,,,,,,,,,,,,,,,,,,,,,,,,,,,,,
,,,,,,,,,,,,,,,,,,,,,,,,,,,,,,
,,,,,,,,,,,,,,,,,,,,,,,,,,,,,,
,,,,,,,,,,,,,,,,,,,,,,,,,,,,,,
,,,,,,,,,,,,,,,,,,,,,,,,,,,,,,
,,,,,,,,,,,,,,,,,,,,,,,,,,,,,,
,,,,,,,,,,,,,,,,,,,,,,,,,,,,,,
,,,,,,,,,,,,,,,,,,,,,,,,,,,,,,
,,,,,,,,,,,,,,,,,,,,,,,,,,,,,,
,,,,,,,,,,,,,,,,,,,,,,,,,,,,,,
,,,,,,,,,,,,,,,,,,,,,,,,,,,,,,
,,,,,,,,,,,,,,,,,,,,,,,,,,,,,,
,,,,,,,,,,,,,,,,,,,,,,,,,,,,,,
,,,,,,,,,,,,,,,,,,,,,,,,,,,,,,
,,,,,,,,,,,,,,,,,,,,,,,,,,,,,,
,,,,,,,,,,,,,,,,,,,,,,,,,,,,,,
,,,,,,,,,,,,,,,,,,,,,,,,,,,,,,
,,,,,,,,,,,,,,,,,,,,,,,,,,,,,,
,,,,,,,,,,,,,,,,,,,,,,,,,,,,,,
,,,,,,,,,,,,,,,,,,,,,,,,,,,,,,
,,,,,,,,,,,,,,,,,,,,,,,,,,,,,,
,,,,,,,,,,,,,,,,,,,,,,,,,,,,,,
,,,,,,,,,,,,,,,,,,,,,,,,,,,,,,
,,,,,,,,,,,,,,,,,,,,,,,,,,,,,,
,,,,,,,,,,,,,,,,,,,,,,,,,,,,,,
,,,,,,,,,,,,,,,,,,,,,,,,,,,,,,
,,,,,,,,,,,,,,,,,,,,,,,,,,,,,,
,,,,,,,,,,,,,,,,,,,,,,,,,,,,,,
,,,,,,,,,,,,,,,,,,,,,,,,,,,,,,
,,,,,,,,,,,,,,,,,,,,,,,,,,,,,,
,,,,,,,,,,,,,,,,,,,,,,,,,,,,,,
,,,,,,,,,,,,,,,,,,,,,,,,,,,,,,
,,,,,,,,,,,,,,,,,,,,,,,,,,,,,,
,,,,,,,,,,,,,,,,,,,,,,,,,,,,,,
,,,,,,,,,,,,,,,,,,,,,,,,,,,,,,
,,,,,,,,,,,,,,,,,,,,,,,,,,,,,,
,,,,,,,,,,,,,,,,,,,,,,,,,,,,,,
,,,,,,,,,,,,,,,,,,,,,,,,,,,,,,
,,,,,,,,,,,,,,,,,,,,,,,,,,,,,,
,,,,,,,,,,,,,,,,,,,,,,,,,,,,,,
,,,,,,,,,,,,,,,,,,,,,,,,,,,,,,
,,,,,,,,,,,,,,,,,,,,,,,,,,,,,,
,,,,,,,,,,,,,,,,,,,,,,,,,,,,,,
,,,,,,,,,,,,,,,,,,,,,,,,,,,,,,
,,,,,,,,,,,,,,,,,,,,,,,,,,,,,,
,,,,,,,,,,,,,,,,,,,,,,,,,,,,,,
,,,,,,,,,,,,,,,,,,,,,,,,,,,,,,
,,,,,,,,,,,,,,,,,,,,,,,,,,,,,,
,,,,,,,,,,,,,,,,,,,,,,,,,,,,,,
,,,,,,,,,,,,,,,,,,,,,,,,,,,,,,
,,,,,,,,,,,,,,,,,,,,,,,,,,,,,,
,,,,,,,,,,,,,,,,,,,,,,,,,,,,,,
,,,,,,,,,,,,,,,,,,,,,,,,,,,,,,
,,,,,,,,,,,,,,,,,,,,,,,,,,,,,,
,,,,,,,,,,,,,,,,,,,,,,,,,,,,,,
,,,,,,,,,,,,,,,,,,,,,,,,,,,,,,
,,,,,,,,,,,,,,,,,,,,,,,,,,,,,,
,,,,,,,,,,,,,,,,,,,,,,,,,,,,,,
,,,,,,,,,,,,,,,,,,,,,,,,,,,,,,
,,,,,,,,,,,,,,,,,,,,,,,,,,,,,,
,,,,,,,,,,,,,,,,,,,,,,,,,,,,,,
,,,,,,,,,,,,,,,,,,,,,,,,,,,,,,
,,,,,,,,,,,,,,,,,,,,,,,,,,,,,,
,,,,,,,,,,,,,,,,,,,,,,,,,,,,,,
,,,,,,,,,,,,,,,,,,,,,,,,,,,,,,
,,,,,,,,,,,,,,,,,,,,,,,,,,,,,,
,,,,,,,,,,,,,,,,,,,,,,,,,,,,,,
,,,,,,,,,,,,,,,,,,,,,,,,,,,,,,
,,,,,,,,,,,,,,,,,,,,,,,,,,,,,,
,,,,,,,,,,,,,,,,,,,,,,,,,,,,,,
,,,,,,,,,,,,,,,,,,,,,,,,,,,,,,
,,,,,,,,,,,,,,,,,,,,,,,,,,,,,,
,,,,,,,,,,,,,,,,,,,,,,,,,,,,,,
,,,,,,,,,,,,,,,,,,,,,,,,,,,,,,
,,,,,,,,,,,,,,,,,,,,,,,,,,,,,,
,,,,,,,,,,,,,,,,,,,,,,,,,,,,,,
,,,,,,,,,,,,,,,,,,,,,,,,,,,,,,
,,,,,,,,,,,,,,,,,,,,,,,,,,,,,,
,,,,,,,,,,,,,,,,,,,,,,,,,,,,,,
,,,,,,,,,,,,,,,,,,,,,,,,,,,,,,
,,,,,,,,,,,,,,,,,,,,,,,,,,,,,,
,,,,,,,,,,,,,,,,,,,,,,,,,,,,,,
,,,,,,,,,,,,,,,,,,,,,,,,,,,,,,
,,,,,,,,,,,,,,,,,,,,,,,,,,,,,,
,,,,,,,,,,,,,,,,,,,,,,,,,,,,,,
,,,,,,,,,,,,,,,,,,,,,,,,,,,,,,
,,,,,,,,,,,,,,,,,,,,,,,,,,,,,,
,,,,,,,,,,,,,,,,,,,,,,,,,,,,,,
,,,,,,,,,,,,,,,,,,,,,,,,,,,,,,
,,,,,,,,,,,,,,,,,,,,,,,,,,,,,,
,,,,,,,,,,,,,,,,,,,,,,,,,,,,,,
,,,,,,,,,,,,,,,,,,,,,,,,,,,,,,
,,,,,,,,,,,,,,,,,,,,,,,,,,,,,,
,,,,,,,,,,,,,,,,,,,,,,,,,,,,,,
,,,,,,,,,,,,,,,,,,,,,,,,,,,,,,
,,,,,,,,,,,,,,,,,,,,,,,,,,,,,,
,,,,,,,,,,,,,,,,,,,,,,,,,,,,,,
,,,,,,,,,,,,,,,,,,,,,,,,,,,,,,
,,,,,,,,,,,,,,,,,,,,,,,,,,,,,,
,,,,,,,,,,,,,,,,,,,,,,,,,,,,,,
,,,,,,,,,,,,,,,,,,,,,,,,,,,,,,
,,,,,,,,,,,,,,,,,,,,,,,,,,,,,,
,,,,,,,,,,,,,,,,,,,,,,,,,,,,,,
,,,,,,,,,,,,,,,,,,,,,,,,,,,,,,
,,,,,,,,,,,,,,,,,,,,,,,,,,,,,,
,,,,,,,,,,,,,,,,,,,,,,,,,,,,,,
,,,,,,,,,,,,,,,,,,,,,,,,,,,,,,
,,,,,,,,,,,,,,,,,,,,,,,,,,,,,,
,,,,,,,,,,,,,,,,,,,,,,,,,,,,,,
,,,,,,,,,,,,,,,,,,,,,,,,,,,,,,
,,,,,,,,,,,,,,,,,,,,,,,,,,,,,,
,,,,,,,,,,,,,,,,,,,,,,,,,,,,,,
,,,,,,,,,,,,,,,,,,,,,,,,,,,,,,
,,,,,,,,,,,,,,,,,,,,,,,,,,,,,,
,,,,,,,,,,,,,,,,,,,,,,,,,,,,,,
,,,,,,,,,,,,,,,,,,,,,,,,,,,,,,
,,,,,,,,,,,,,,,,,,,,,,,,,,,,,,
,,,,,,,,,,,,,,,,,,,,,,,,,,,,,,
,,,,,,,,,,,,,,,,,,,,,,,,,,,,,,
,,,,,,,,,,,,,,,,,,,,,,,,,,,,,,
,,,,,,,,,,,,,,,,,,,,,,,,,,,,,,
,,,,,,,,,,,,,,,,,,,,,,,,,,,,,,
,,,,,,,,,,,,,,,,,,,,,,,,,,,,,,
,,,,,,,,,,,,,,,,,,,,,,,,,,,,,,
,,,,,,,,,,,,,,,,,,,,,,,,,,,,,,
,,,,,,,,,,,,,,,,,,,,,,,,,,,,,,
,,,,,,,,,,,,,,,,,,,,,,,,,,,,,,
,,,,,,,,,,,,,,,,,,,,,,,,,,,,,,
,,,,,,,,,,,,,,,,,,,,,,,,,,,,,,
,,,,,,,,,,,,,,,,,,,,,,,,,,,,,,
,,,,,,,,,,,,,,,,,,,,,,,,,,,,,,
,,,,,,,,,,,,,,,,,,,,,,,,,,,,,,
,,,,,,,,,,,,,,,,,,,,,,,,,,,,,,
,,,,,,,,,,,,,,,,,,,,,,,,,,,,,,
,,,,,,,,,,,,,,,,,,,,,,,,,,,,,,
,,,,,,,,,,,,,,,,,,,,,,,,,,,,,,
,,,,,,,,,,,,,,,,,,,,,,,,,,,,,,
,,,,,,,,,,,,,,,,,,,,,,,,,,,,,,
,,,,,,,,,,,,,,,,,,,,,,,,,,,,,,
,,,,,,,,,,,,,,,,,,,,,,,,,,,,,,
,,,,,,,,,,,,,,,,,,,,,,,,,,,,,,
,,,,,,,,,,,,,,,,,,,,,,,,,,,,,,
,,,,,,,,,,,,,,,,,,,,,,,,,,,,,,
,,,,,,,,,,,,,,,,,,,,,,,,,,,,,,
,,,,,,,,,,,,,,,,,,,,,,,,,,,,,,
,,,,,,,,,,,,,,,,,,,,,,,,,,,,,,
,,,,,,,,,,,,,,,,,,,,,,,,,,,,,,
,,,,,,,,,,,,,,,,,,,,,,,,,,,,,,
,,,,,,,,,,,,,,,,,,,,,,,,,,,,,,
,,,,,,,,,,,,,,,,,,,,,,,,,,,,,,
,,,,,,,,,,,,,,,,,,,,,,,,,,,,,,
,,,,,,,,,,,,,,,,,,,,,,,,,,,,,,
,,,,,,,,,,,,,,,,,,,,,,,,,,,,,,
,,,,,,,,,,,,,,,,,,,,,,,,,,,,,,
,,,,,,,,,,,,,,,,,,,,,,,,,,,,,,
,,,,,,,,,,,,,,,,,,,,,,,,,,,,,,
,,,,,,,,,,,,,,,,,,,,,,,,,,,,,,
,,,,,,,,,,,,,,,,,,,,,,,,,,,,,,
,,,,,,,,,,,,,,,,,,,,,,,,,,,,,,
,,,,,,,,,,,,,,,,,,,,,,,,,,,,,,
,,,,,,,,,,,,,,,,,,,,,,,,,,,,,,
,,,,,,,,,,,,,,,,,,,,,,,,,,,,,,
,,,,,,,,,,,,,,,,,,,,,,,,,,,,,,
,,,,,,,,,,,,,,,,,,,,,,,,,,,,,,
,,,,,,,,,,,,,,,,,,,,,,,,,,,,,,
,,,,,,,,,,,,,,,,,,,,,,,,,,,,,,
,,,,,,,,,,,,,,,,,,,,,,,,,,,,,,
,,,,,,,,,,,,,,,,,,,,,,,,,,,,,,
,,,,,,,,,,,,,,,,,,,,,,,,,,,,,,
,,,,,,,,,,,,,,,,,,,,,,,,,,,,,,
,,,,,,,,,,,,,,,,,,,,,,,,,,,,,,
,,,,,,,,,,,,,,,,,,,,,,,,,,,,,,
,,,,,,,,,,,,,,,,,,,,,,,,,,,,,,
,,,,,,,,,,,,,,,,,,,,,,,,,,,,,,
,,,,,,,,,,,,,,,,,,,,,,,,,,,,,,
,,,,,,,,,,,,,,,,,,,,,,,,,,,,,,
,,,,,,,,,,,,,,,,,,,,,,,,,,,,,,
,,,,,,,,,,,,,,,,,,,,,,,,,,,,,,
,,,,,,,,,,,,,,,,,,,,,,,,,,,,,,
,,,,,,,,,,,,,,,,,,,,,,,,,,,,,,
,,,,,,,,,,,,,,,,,,,,,,,,,,,,,,
,,,,,,,,,,,,,,,,,,,,,,,,,,,,,,
,,,,,,,,,,,,,,,,,,,,,,,,,,,,,,
,,,,,,,,,,,,,,,,,,,,,,,,,,,,,,
,,,,,,,,,,,,,,,,,,,,,,,,,,,,,,
,,,,,,,,,,,,,,,,,,,,,,,,,,,,,,
,,,,,,,,,,,,,,,,,,,,,,,,,,,,,,
,,,,,,,,,,,,,,,,,,,,,,,,,,,,,,
,,,,,,,,,,,,,,,,,,,,,,,,,,,,,,
,,,,,,,,,,,,,,,,,,,,,,,,,,,,,,
,,,,,,,,,,,,,,,,,,,,,,,,,,,,,,
,,,,,,,,,,,,,,,,,,,,,,,,,,,,,,
,,,,,,,,,,,,,,,,,,,,,,,,,,,,,,
,,,,,,,,,,,,,,,,,,,,,,,,,,,,,,
,,,,,,,,,,,,,,,,,,,,,,,,,,,,,,
,,,,,,,,,,,,,,,,,,,,,,,,,,,,,,
,,,,,,,,,,,,,,,,,,,,,,,,,,,,,,
,,,,,,,,,,,,,,,,,,,,,,,,,,,,,,
,,,,,,,,,,,,,,,,,,,,,,,,,,,,,,
,,,,,,,,,,,,,,,,,,,,,,,,,,,,,,
,,,,,,,,,,,,,,,,,,,,,,,,,,,,,,
,,,,,,,,,,,,,,,,,,,,,,,,,,,,,,
,,,,,,,,,,,,,,,,,,,,,,,,,,,,,,
,,,,,,,,,,,,,,,,,,,,,,,,,,,,,,
,,,,,,,,,,,,,,,,,,,,,,,,,,,,,,
,,,,,,,,,,,,,,,,,,,,,,,,,,,,,,
,,,,,,,,,,,,,,,,,,,,,,,,,,,,,,
,,,,,,,,,,,,,,,,,,,,,,,,,,,,,,
,,,,,,,,,,,,,,,,,,,,,,,,,,,,,,
,,,,,,,,,,,,,,,,,,,,,,,,,,,,,,
,,,,,,,,,,,,,,,,,,,,,,,,,,,,,,
,,,,,,,,,,,,,,,,,,,,,,,,,,,,,,
,,,,,,,,,,,,,,,,,,,,,,,,,,,,,,
,,,,,,,,,,,,,,,,,,,,,,,,,,,,,,
,,,,,,,,,,,,,,,,,,,,,,,,,,,,,,
,,,,,,,,,,,,,,,,,,,,,,,,,,,,,,
,,,,,,,,,,,,,,,,,,,,,,,,,,,,,,
,,,,,,,,,,,,,,,,,,,,,,,,,,,,,,
,,,,,,,,,,,,,,,,,,,,,,,,,,,,,,
,,,,,,,,,,,,,,,,,,,,,,,,,,,,,,
,,,,,,,,,,,,,,,,,,,,,,,,,,,,,,
,,,,,,,,,,,,,,,,,,,,,,,,,,,,,,
,,,,,,,,,,,,,,,,,,,,,,,,,,,,,,
,,,,,,,,,,,,,,,,,,,,,,,,,,,,,,
,,,,,,,,,,,,,,,,,,,,,,,,,,,,,,
,,,,,,,,,,,,,,,,,,,,,,,,,,,,,,
,,,,,,,,,,,,,,,,,,,,,,,,,,,,,,
,,,,,,,,,,,,,,,,,,,,,,,,,,,,,,
,,,,,,,,,,,,,,,,,,,,,,,,,,,,,,
,,,,,,,,,,,,,,,,,,,,,,,,,,,,,,
,,,,,,,,,,,,,,,,,,,,,,,,,,,,,,
,,,,,,,,,,,,,,,,,,,,,,,,,,,,,,
,,,,,,,,,,,,,,,,,,,,,,,,,,,,,,
,,,,,,,,,,,,,,,,,,,,,,,,,,,,,,
,,,,,,,,,,,,,,,,,,,,,,,,,,,,,,
,,,,,,,,,,,,,,,,,,,,,,,,,,,,,,
,,,,,,,,,,,,,,,,,,,,,,,,,,,,,,
,,,,,,,,,,,,,,,,,,,,,,,,,,,,,,
,,,,,,,,,,,,,,,,,,,,,,,,,,,,,,
,,,,,,,,,,,,,,,,,,,,,,,,,,,,,,
,,,,,,,,,,,,,,,,,,,,,,,,,,,,,,
,,,,,,,,,,,,,,,,,,,,,,,,,,,,,,
,,,,,,,,,,,,,,,,,,,,,,,,,,,,,,
,,,,,,,,,,,,,,,,,,,,,,,,,,,,,,
,,,,,,,,,,,,,,,,,,,,,,,,,,,,,,
,,,,,,,,,,,,,,,,,,,,,,,,,,,,,,
,,,,,,,,,,,,,,,,,,,,,,,,,,,,,,
,,,,,,,,,,,,,,,,,,,,,,,,,,,,,,
,,,,,,,,,,,,,,,,,,,,,,,,,,,,,,
,,,,,,,,,,,,,,,,,,,,,,,,,,,,,,
,,,,,,,,,,,,,,,,,,,,,,,,,,,,,,
,,,,,,,,,,,,,,,,,,,,,,,,,,,,,,
,,,,,,,,,,,,,,,,,,,,,,,,,,,,,,
,,,,,,,,,,,,,,,,,,,,,,,,,,,,,,
,,,,,,,,,,,,,,,,,,,,,,,,,,,,,,
,,,,,,,,,,,,,,,,,,,,,,,,,,,,,,
,,,,,,,,,,,,,,,,,,,,,,,,,,,,,,
,,,,,,,,,,,,,,,,,,,,,,,,,,,,,,
,,,,,,,,,,,,,,,,,,,,,,,,,,,,,,
,,,,,,,,,,,,,,,,,,,,,,,,,,,,,,
,,,,,,,,,,,,,,,,,,,,,,,,,,,,,,
,,,,,,,,,,,,,,,,,,,,,,,,,,,,,,
