ID,Name,Age,Occupation,Hometown,ElimWeek,Season,Season Text,BIP,BP,ELIMINATION_1,ELIMINATION_2,ELIMINATION_3,ELIMINATION_4,ELIMINATION_5,ELIMINATION_6,ELIMINATION_7,ELIMINATION_8,ELIMINATION_9,ELIMINATION_10,DATES-1,DATES-2,DATES-3,DATES-4,DATES-5,DATES-6,DATES-7,DATES-8,DATES-9,DATES-10,MAIN_CHAR
01_Amanda_M,Amanda Marsh,23.0,Event Planner,"Chanute, Kansas",0,1,01,,,0,0,0,0,0,W,0,0,0,0,0,D5,D1,D1,D1,D1,0,0,0,0,
01_Trista_R,Trista Rehn,29.0,Dancer,"Miami, Florida",6.0,1,01,,,0,0,0,0,0,E,0,0,0,0,0,D5,D1,D1,D1,D1,0,0,0,0,1
01_Shannon_O,Shannon Oliver,24.0,Consultant,"Dallas, Texas",5.0,1,01,,,0,0,0,0,E,0,0,0,0,0,0,D5,D1,D1,D1,0,0,0,0,0,
01_Kim_X,Kim,24.0,Nanny,"Tempe, Arizona",4.0,1,01,,,0,0,0,E,0,0,0,0,0,0,0,D5,D4,D1,0,0,0,0,0,0,
01_Cathy_G,Cathy Grimes,22.0,Student,"Terra Haute, Indiana",3.0,1,01,,,0,0,E,0,0,0,0,0,0,0,0,D5,D4,0,0,0,0,0,0,0,
01_Christina_S,Christina Stencil,28.0,Attorney,"Bonita, California",3.0,1,01,,,0,0,E,0,0,0,0,0,0,0,0,D5,D4,0,0,0,0,0,0,0,
01_LaNease_A,LaNease Adams,23.0,Actress,"Los Angeles, California",3.0,1,01,,,0,0,E,0,0,0,0,0,0,0,0,D5,D4,0,0,0,0,0,0,0,
01_Rhonda_R,Rhonda Rittenhouse,28.0,Commercial Real Estate Agent,"Woodward, Oklahoma",3.0,1,01,,,0,0,E,0,0,0,0,0,0,0,0,D5,D4,0,0,0,0,0,0,0,
01_Alexa_X,Alexa,27.0,Teacher,"Beverly Hills, California",2.0,1,01,,,0,E,0,0,0,0,0,0,0,0,0,D5,0,0,0,0,0,0,0,0,
01_Amy_A,Amy Anzel,28.0,Production Coordinator,"New York, New York",2.0,1,01,,,0,E,0,0,0,0,0,0,0,0,0,D5,0,0,0,0,0,0,0,0,
01_Angela_X,Angela,25.0,Waitress,"Avondale, Arizona",2.0,1,01,,,0,E,0,0,0,0,0,0,0,0,0,D5,0,0,0,0,0,0,0,0,
01_Angelique_M,Angelique Madrid,27.0,Actress,"Burbank, California",2.0,1,01,,,0,E,0,0,0,0,0,0,0,0,0,D5,0,0,0,0,0,0,0,0,
01_Katie_X,Katie,23.0,Sales,"Malden, Massachusetts",2.0,1,01,,,0,E,0,0,0,0,0,0,0,0,0,D5,0,0,0,0,0,0,0,0,
01_Melissa_X,Melissa,25.0,Photographer,"Tempe, Arizona",2.0,1,01,,,0,E,0,0,0,0,0,0,0,0,0,D5,0,0,0,0,0,0,0,0,
01_Tina_C,Tina Chen,27.0,Student,"Plano, Texas",2.0,1,01,,,0,E,0,0,0,0,0,0,0,0,0,D5,0,0,0,0,0,0,0,0,
02_Helene_E,Helene Eksterowicz,27.0,School Psychologist,"Gloucester, New Jersey",0,2,02,,,0,0,0,0,0,0,W,0,0,0,0,D5,D1,D1,D1,D1,D1,0,0,0,
02_Brooke_S,Brooke Smith,22.0,Student,"Albertville, Alabama",7.0,2,02,,,0,0,0,0,0,0,E,0,0,0,0,D5,D1,D3,D1,D1,0,0,0,0,
02_Gwen_G,Gwen Gioia,31.0,Executive Recruiter,"Philadelphia, Pennsylvania",6.0,2,02,,B_1,0,0,0,0,0,E,0,0,0,0,0,D5,D3,D1,D1,D1,0,0,0,0,
02_Angela_X,Angela,27.0,Nurse,"Kansas City, Missouri",5.0,2,02,,,0,0,0,0,E,0,0,0,0,0,0,D5,D5,D3,D1,0,0,0,0,0,
02_Hayley_C,Hayley Crittenden,28.0,Retail Manager,"Lake Oswego, Oregon",4.0,2,02,,,0,0,0,E,0,0,0,0,0,0,0,D5,D3,D3,0,0,0,0,0,0,
02_Heather_C,Heather Crawford,30.0,Flight Attendant,"Dallas, Texas",4.0,2,02,,,0,0,0,E,0,0,0,0,0,0,0,D5,D5,D1,0,0,0,0,0,0,
02_Christi_W,Christi Weible,23.0,Assistant,"Boise, Idaho",3.0,2,02,,,0,0,E,0,0,0,0,0,0,0,0,D5,D5,0,0,0,0,0,0,0,
02_Heather_X,Heather,24.0,Marriage Therapy Trainee,"Walnut Creek, California",3.0,2,02,,,0,0,E,0,0,0,0,0,0,0,0,D5,D5,0,0,0,0,0,0,0,
02_Kyla_D,Kyla Dickerson,22.0,Airline Supervisor,"Midvale, Utah",3.0,2,02,,,0,0,E,0,0,0,0,0,0,0,0,D5,D3,0,0,0,0,0,0,0,
02_Shannon_X,Shannon,26.0,Graphic Artist,"Long Island, New York",3.0,2,02,,,0,0,E,0,0,0,0,0,0,0,0,D5,D5,0,0,0,0,0,0,0,
02_Dana_N,Dana Norris,24.0,Sales,"Beverly Hills, California",2.0,2,02,,,0,E,0,0,0,0,0,0,0,0,0,D5,0,0,0,0,0,0,0,0,
02_Erin_X,Erin,25.0,Publications Quality Control,"Westchester, Pennsylvania",2.0,2,02,,,0,E,0,0,0,0,0,0,0,0,0,D5,0,0,0,0,0,0,0,0,
02_Suzanne_F,Suzanne Freeman,33.0,Flight Attendant,"Redondo Beach, California",2.0,2,02,,,0,E,0,0,0,0,0,0,0,0,0,D5,0,0,0,0,0,0,0,0,
02_Frances_D,Frances Dinglasan,30.0,Strategic Planning Analyst,"San Francisco, California",2.0,2,02,,,0,EQ,0,0,0,0,0,0,0,0,0,D5,0,0,0,0,0,0,0,0,
02_Anindita_D,Anindita Dutta,27.0,Attorney,"New York, New York",2.0,2,02,,,0,EQ,0,0,0,0,0,0,0,0,0,D5,0,0,0,0,0,0,0,0,
02_Amber_W,Amber West,26.0,Psychologist,"Chapel Hill, North Carolina",1.0,2,02,,,E,0,0,0,0,0,0,0,0,0,0,0,0,0,0,0,0,0,0,0,
02_Camille_L,Camille Langfield,29.0,Actress,"Los Angeles, California",1.0,2,02,,,E,0,0,0,0,0,0,0,0,0,0,0,0,0,0,0,0,0,0,0,
02_Cari_X,Cari,29.0,Teacher,"Granite City, Illinois",1.0,2,02,,,E,0,0,0,0,0,0,0,0,0,0,0,0,0,0,0,0,0,0,0,
02_Christy_X,Christy,24.0,Radiological Technologist,"Avondale, Arizona",1.0,2,02,,,E,0,0,0,0,0,0,0,0,0,0,0,0,0,0,0,0,0,0,0,
02_Erin_X,Erin,24.0,Designer,"Houston, Texas",1.0,2,02,,,0,E,0,0,0,0,0,0,0,0,0,D5,0,0,0,0,0,0,0,0,
02_Fatima_R,Fatima Rivas,22.0,Student,"Long Beach, California",1.0,2,02,,,E,0,0,0,0,0,0,0,0,0,0,0,0,0,0,0,0,0,0,0,
02_Liangy_F,Liangy Fernandez,30.0,Paralegal,"Coral Gables, Florida",1.0,2,02,,,E,0,0,0,0,0,0,0,0,0,0,0,0,0,0,0,0,0,0,0,
02_Lori_T,Lori Todd,26.0,Cheerleader,"Dallas, Texas",1.0,2,02,,,E,0,0,0,0,0,0,0,0,0,0,0,0,0,0,0,0,0,0,0,
02_Merrilee_D,Merrilee Donohue,28.0,Teacher,"Forked River, New Jersey",1.0,2,02,,,E,0,0,0,0,0,0,0,0,0,0,0,0,0,0,0,0,0,0,0,
05_Jessica_B,Jessica Bowlin,22.0,Student,"Huntington Beach, California",0,5,05,,,0,0,0,0,0,0,W,0,0,0,0,D7,D6,D1,D1,D1,D1,0,0,0,
05_Tara_H,Tara Huckeby,23.0,General contractor,"Shawnee, Oklahoma",7.0,5,05,,,0,0,0,0,0,0,E,0,0,0,0,D7,D1,D1,D1,D1,D1,0,0,0,
05_Mandy_J,Mandy Jaye Jeffreys,26.0,Designer,"Midland, Texas",6.0,5,05,,,0,0,0,0,0,E,0,0,0,0,0,D7,D2,D1,D1,D1,0,0,0,0,
05_Trish_S,Trish Schneider,28.0,Model,"Atlanta, Georgia",5.0,5,05,,,R1,0,0,0,E,0,0,0,0,0,0,D1,D2,D3,D1,0,0,0,0,0,
05_Suzie_W,Suzie Williams,23.0,Prosthetic technician,"Ann Arbor, Michigan",4.0,5,05,,,0,0,0,E,0,0,0,0,0,0,0,D8,D1,D3,0,0,0,0,0,0,
05_Karen_L,Karen Lindsay,28.0,Sales,"Pleasant Grove, Utah",4.0,5,05,,,0,0,0,E,0,0,0,0,0,0,0,D7,D6,D3,0,0,0,0,0,0,
05_Jessica_H,Jessica Holcomb,25.0,Attorney,"Pearsall, Texas",3.0,5,05,,,0,0,E,0,0,0,0,0,0,0,0,D8,D6,0,0,0,0,0,0,0,
05_Julie_D,Julie Durda,24.0,Cheerleader,"Sacramento, California",3.0,5,05,,,0,0,E,0,0,0,0,0,0,0,0,D7,D6,0,0,0,0,0,0,0,
05_Jenny_S,Jenny De Schiralli,26.0,Swim instructor/nanny/personal trainer,"Carrboro, North Carolina",3.0,5,05,,,0,0,E,0,0,0,0,0,0,0,0,D8,D6,0,0,0,0,0,0,0,
05_Katie_G,Katie Gehart,22.0,LASIK Eye and Skin Center manager,"Scottsdale, Arizona",3.0,5,05,,,0,0,E,0,0,0,0,0,0,0,0,D7,D6,0,0,0,0,0,0,0,
05_Jean-Marie_C,Jean-Marie Callahan,26.0,Hair stylist,"Gibson, North Carolina",2.0,5,05,,,0,E,0,0,0,0,0,0,0,0,0,D8,0,0,0,0,0,0,0,0,
05_Debbie_M,Debbie Merkett,27.0,Massage therapist/bartender,"Pinetops, North Carolina",2.0,5,05,,,E,0,0,0,0,0,0,0,0,0,0,0,0,0,0,0,0,0,0,0,
05_Anne-Catherine_L,Anne-Catherine Labb,27.0,Model,"Quebec City,¬†Quebec",2.0,5,05,,,0,E,0,0,0,0,0,0,0,0,0,D8,0,0,0,0,0,0,0,0,
05_Amber_L,Amber LaRoux,27.0,Consultant,"Sunriver, Oregon",2.0,5,05,,,0,E,0,0,0,0,0,0,0,0,0,D8,0,0,0,0,0,0,0,0,
05_Mandy_C,Mandy Clemens,25.0,Athlete,"San Diego, California",2.0,5,05,,,0,E,0,0,0,0,0,0,0,0,0,D8,0,0,0,0,0,0,0,0,
05_Kristy_R,Kristy Romero,25.0,Student,"Dearborn, Michigan",2.0,5,05,,,0,E,0,0,0,0,0,0,0,0,0,D8,0,0,0,0,0,0,0,0,
05_Celeste_C,Celeste Creel,24.0,Model,"Ithaca, New York",2.0,5,05,,,0,E,0,0,0,0,0,0,0,0,0,D7,0,0,0,0,0,0,0,0,
05_Jenny_M,Jenny Matthews,24.0,Retail manager,"Canton, Michigan",2.0,5,05,,,E,0,0,0,0,0,0,0,0,0,0,0,0,0,0,0,0,0,0,0,
05_Dolores_F,Dolores Farburg,26.0,Account manager,"Madison, New Jersey",1.0,5,05,,,E,0,0,0,0,0,0,0,0,0,0,0,0,0,0,0,0,0,0,0,
05_Francine_J,Francine Jones,25.0,Retail manager,"Houston, Texas",1.0,5,05,,,E,0,0,0,0,0,0,0,0,0,0,0,0,0,0,0,0,0,0,0,
05_DeShaun_W,DeShaun Warner,25.0,Sales,"Phillipsburg, New Jersey",1.0,5,05,,,E,0,0,0,0,0,0,0,0,0,0,0,0,0,0,0,0,0,0,0,
05_Jessica_K,Jessica Kyron,21.0,Student,"Cincinnati, Ohio",1.0,5,05,,,E,0,0,0,0,0,0,0,0,0,0,0,0,0,0,0,0,0,0,0,
05_Holly_R,Holly Reeder,26.0,Bank representative,"Tulsa, Oklahoma",1.0,5,05,,,E,0,0,0,0,0,0,0,0,0,0,0,0,0,0,0,0,0,0,0,
05_Rachel_C,Rachel Clementi,26.0,Fashion public relations manager,"Buffalo, New York",1.0,5,05,,,E,0,0,0,0,0,0,0,0,0,0,0,0,0,0,0,0,0,0,0,
05_Kristin_C,Kristin Clearwater,25.0,Singer,"Sausalito, California",1.0,5,05,,,E,0,0,0,0,0,0,0,0,0,0,0,0,0,0,0,0,0,0,0,
09_Jennifer_W,Jennifer Wilson,24.0,Teacher,"Pembroke Pines, Florida",0,9,09,,,0,R,0,R,0,0,W,0,0,0,0,D6,D6,D1,D1,D1,D1,0,0,0,
09_Sadie_M,Sadie Murray,23.0,Publicist,"Carlsbad, California",7.0,9,09,,,0,R,0,R,0,0,E,0,0,0,0,D5,D6,D1,D1,D1,D1,0,0,0,
09_Lisa_B,Lisa Blank,25.0,Marketing manager,"Portland, Oregon",6.0,9,09,,,R1,R,0,0,0,E,0,0,0,0,0,D1,D6,D4,D1,D1,0,0,0,0,
09_Agnese_P,Agnese Polliza,24.0,Student,"Venice, Italy",5.0,9,09,,,0,0,R,0,E,0,0,0,0,0,0,D5,D2,D4,D1,0,0,0,0,0,
09_Jeanette_P,Jeanette Pawula,23.0,Teacher,"Bloomingdale, Illinois",4.0,9,09,,,0,0,R,E,0,0,0,0,0,0,0,D6,D6,D4,0,0,0,0,0,0,
09_Desiree_V,Desiree Valentin,22.0,Realtor,"Salt Lake City, Utah",4.0,9,09,,,0,0,0,E,0,0,0,0,0,0,0,D6,D6,D4,0,0,0,0,0,0,
09_Jami_M,Jami Matzke,27.0,Event planner,"Galveston, Texas",3.0,9,09,,,0,0,ED,0,0,0,0,0,0,0,0,D5,D1,0,0,0,0,0,0,0,
09_Gina_C,Gina Clark,28.0,Ultrasound technician,"Chicago, Illinois",3.0,9,09,,,0,0,E,0,0,0,0,0,0,0,0,D6,D6,0,0,0,0,0,0,0,
09_Erica_R,Erica Rose,23.0,Socialite,"Houston, Texas",3.0,9,09,,"B_2, B_3",0,0,ED,0,0,0,0,0,0,0,0,D5,D2,0,0,0,0,0,0,0,
09_Sarah_S,Sarah Schnare,30.0,Journalist,"Nelson, British Columbia",2.0,9,09,,,0,E,0,0,0,0,0,0,0,0,0,D6,0,0,0,0,0,0,0,0,
09_Kim_J,Kim Jackson,27.0,Designer,"Newport Beach, California",2.0,9,09,,,0,E,0,0,0,0,0,0,0,0,0,D6,0,0,0,0,0,0,0,0,
09_Ellen_D,Ellen DeMaio,30.0,Realtor,"New Haven, Connecticut",2.0,9,09,,,0,E,0,0,0,0,0,0,0,0,0,D5,0,0,0,0,0,0,0,0,
09_Tara_D,Tara Durr,24.0,Realtor,"St. Augustine, Florida",1.0,9,09,,,E,0,0,0,0,0,0,0,0,0,0,0,0,0,0,0,0,0,0,0,
09_Rosella_F,Rosella Fratto,27.0,Make-up artist,"Chicago, Illinois",1.0,9,09,,,E,0,0,0,0,0,0,0,0,0,0,0,0,0,0,0,0,0,0,0,
09_Rita_G,Rita Ghazal,29.0,Policy advisor,"Richmond, VA",1.0,9,09,,,E,0,0,0,0,0,0,0,0,0,0,0,0,0,0,0,0,0,0,0,
09_Renee_S,Renee Snell,30.0,Broadcast marketer,"Baltimore, MD",1.0,9,09,,,E,0,0,0,0,0,0,0,0,0,0,0,0,0,0,0,0,0,0,0,
09_Meri_B,Meri Barr,27.0,Attorney,"Biloxi, MS",1.0,9,09,,,E,0,0,0,0,0,0,0,0,0,0,0,0,0,0,0,0,0,0,0,
09_Laura_M,Laura Morgan,29.0,Dolphin trainer,"San Diego, CA",1.0,9,09,,,E,0,0,0,0,0,0,0,0,0,0,0,0,0,0,0,0,0,0,0,
09_Jessica_H,Jessica Horner,25.0,Assistant,"Charlotte, NC",1.0,9,09,,,E,0,0,0,0,0,0,0,0,0,0,0,0,0,0,0,0,0,0,0,
09_Heather_S,Heather Sneed,34.0,Nurse,"Aliquippa, PA",1.0,9,09,,,E,0,0,0,0,0,0,0,0,0,0,0,0,0,0,0,0,0,0,0,
09_Elyse_H,Elyse Hammer,27.0,Physician,"New York, NY",1.0,9,09,,,E,0,0,0,0,0,0,0,0,0,0,0,0,0,0,0,0,0,0,0,
09_Cosetta_B,Cosetta Blanca,,Dancer,Italy,1.0,9,09,,,E,0,0,0,0,0,0,0,0,0,0,0,0,0,0,0,0,0,0,0,
09_Claudia_G,Claudia Gismondi,22.0,Restaurateur,"Boca Raton, FL",1.0,9,09,,,E,0,0,0,0,0,0,0,0,0,0,0,0,0,0,0,0,0,0,0,
09_Carissa_I,Carissa Ilburg,25.0,Attorney,"Cattaraugus, NY",1.0,9,09,,,E,0,0,0,0,0,0,0,0,0,0,0,0,0,0,0,0,0,0,0,
09_Andrea_S,Andrea Shirley,28.0,Hotel concierge,"Cincinnati, OH",1.0,9,09,,,E,0,0,0,0,0,0,0,0,0,0,0,0,0,0,0,0,0,0,0,
09_April_J,April Jacobs,23.0,Model,"Chicago, IL",1.0,9,09,,,E,0,0,0,0,0,0,0,0,0,0,0,0,0,0,0,0,0,0,0,
10_Tessa_H,Tessa Horst,26.0,Social Worker,"San Francisco, California",0,10,10,,,0,0,R,0,0,0,0,W,0,0,0,D7,D2,D4,D1,D1,D1,D1,0,0,
10_Bevin_P,Bevin Nicole Powers,28.0,Assistant,"Palo Alto, California",8.0,10,10,,,0,0,R,0,0,0,0,E,0,0,0,D7,0,D4,D4,D1,D1,D1,0,0,
10_Danielle_I,Danielle Imwalle,25.0,Designer,"Bethel, Connecticut",7.0,10,10,,,0,0,0,0,0,0,E,0,0,0,0,D7,D4,D4,D4,D1,D1,0,0,0,
10_Amber_A,Amber Alchalabi,23.0,Teacher,"Sugar Land, Texas",6.0,10,10,,,0,0,0,R,0,E,0,0,0,0,0,D7,D5,D1,D4,D1,0,0,0,0,
10_Stephanie_W,Stephanie Wilhite,23.0,Project Manager,"Overland Park, Kansas",5.0,10,10,,,0,0,0,0,E,0,0,0,0,0,0,D7,D5,D4,D1,0,0,0,0,0,
10_Tina_W,Tina Wu,26.0,Student,"Los Angeles, California",5.0,10,10,,,0,0,0,0,E,0,0,0,0,0,0,D7,D5,D4,D4,0,0,0,0,0,
10_Kate_B,Kate Brockhouse,24.0,Boutique owner,"Ravenel, South Carolina",4.0,10,10,,,0,0,0,E,0,0,0,0,0,0,0,D7,D4,D4,0,0,0,0,0,0,
10_Nicole_C,Nicole Clary,26.0,Sales,"Charleston, SC",4.0,10,10,,,0,0,0,E,0,0,0,0,0,0,0,D7,D5,D4,0,0,0,0,0,0,
10_Stephanie_T,Stephanie Tipper,27.0,Organ donor coordinator,"Folly Beach, SC",4.0,10,10,,,R1,R,0,E,0,0,0,0,0,0,0,D1,D5,D4,0,0,0,0,0,0,
10_Amanda_H,Amanda Hackney,26.0,Financial analyst,"Dallas, TX",3.0,10,10,,,0,0,E,0,0,0,0,0,0,0,0,D7,D4,0,0,0,0,0,0,0,
10_Erin_P,Erin Parker,24.0,Financial analyst,"Logansport, LA",3.0,10,10,,,0,0,E,0,0,0,0,0,0,0,0,D7,D4,0,0,0,0,0,0,0,
10_Peyton_W,Peyton Wright,24.0,Sorority recruiter,"La Vergne, Tennessee",3.0,10,10,B_1,,0,0,ED,0,0,0,0,0,0,0,0,D7,D2,0,0,0,0,0,0,0,
10_Alexis_Y,Alexis Young,26.0,Attorney,"Southlake, TX",2.0,10,10,,,0,E,0,0,0,0,0,0,0,0,0,D7,0,0,0,0,0,0,0,0,
10_Susan_A,Susan Anderson,23.0,Boutique manager,"The Woodlands, TX",2.0,10,10,,,0,E,0,0,0,0,0,0,0,0,0,D7,0,0,0,0,0,0,0,0,
10_Tiffany_W,Tiffany Warren,28.0,Sales,"Boston, MA",2.0,10,10,,,0,E,0,0,0,0,0,0,0,0,0,D7,0,0,0,0,0,0,0,0,
10_Blakeney_R,Blakeney Rowe,29.0,Sales,"Birmingham, AL",1.0,10,10,,,E,0,0,0,0,0,0,0,0,0,0,0,0,0,0,0,0,0,0,0,
10_Candace_D,Candace DeCost,23.0,Waitress,"Hilton Head Island, SC",1.0,10,10,,,E,0,0,0,0,0,0,0,0,0,0,0,0,0,0,0,0,0,0,0,
10_Catherine_W,Catherine Warren,23.0,Beauty Queen,"Lake Forest, IL",1.0,10,10,,,E,0,0,0,0,0,0,0,0,0,0,0,0,0,0,0,0,0,0,0,
10_Danielle_V,Danielle Vallis,26.0,Attorney,"Bronx, NY",1.0,10,10,,,E,0,0,0,0,0,0,0,0,0,0,0,0,0,0,0,0,0,0,0,
10_Jackie_T,Jackie Topelli,23.0,Executive coordinator,"Minneapolis, MN",1.0,10,10,,,E,0,0,0,0,0,0,0,0,0,0,0,0,0,0,0,0,0,0,0,
10_Jeanette_A,Jeanette Alvarez,27.0,Health care manager,"Tampa, FL",1.0,10,10,,,E,0,0,0,0,0,0,0,0,0,0,0,0,0,0,0,0,0,0,0,
10_Jessica_D,Jessica Devallo,32.0,Hedge fund analyst,"New York, NY",1.0,10,10,,,E,0,0,0,0,0,0,0,0,0,0,0,0,0,0,0,0,0,0,0,
10_Linda_M,Linda Malek,33.0,Attorney,"Cuyahoga Falls, OH",1.0,10,10,,,E,0,0,0,0,0,0,0,0,0,0,0,0,0,0,0,0,0,0,0,
10_Lindsay_S,Lindsay Smith,22.0,Student,"Lawrence, KS",1.0,10,10,,,E,0,0,0,0,0,0,0,0,0,0,0,0,0,0,0,0,0,0,0,
10_Tiffany_F,Tiffany Forester,27.0,Sales,"St. Louis Park, MN",1.0,10,10,,,E,0,0,0,0,0,0,0,0,0,0,0,0,0,0,0,0,0,0,0,
11_Deanna_P,Deanna Pappas,25.0,Realtor,"Newnan, Georgia",8.0,11,11,,,0,R,0,R,0,0,0,E,0,0,0,D7,D6,D2,D4,D1,D1,D1,0,0,4
11_Jenni_C,Jenni Croft,27.0,Cheerleader,"Wichita, Kansas",8.0,11,11,,,R1,0,0,R,0,0,0,E,0,0,0,D7,D6,D1,D4,D1,D1,D1,0,0,
11_Bettina_B,Bettina Bell,27.0,Realtor,"Washington, D.C.",7.0,11,11,,,0,0,0,R,0,0,E,0,0,0,0,D7,D5,D6,D1,D1,D1,0,0,0,
11_Sheena_S,Sheena Stewart,23.0,Internet marketing executive,"Walnut Creek, California",6.0,11,11,,,0,0,0,0,0,E,0,0,0,0,0,D7,D5,D6,D1,D1,0,0,0,0,
11_Hillary_R,Hillary Reisinger,27.0,Nurse,"Philadelphia, Pennsylvania",5.0,11,11,,,0,0,R,0,E,0,0,0,0,0,0,D7,D1,D6,D4,0,0,0,0,0,
11_Kristy_K,Kristy Katzmann,29.0,Acupuncturist,"Gurnee, Illinois",5.0,11,11,,,0,0,R,0,E,0,0,0,0,0,0,D7,D5,D6,D4,0,0,0,0,0,
11_Estefania_K,"Estefania ""Stephy"" Kootz",26.0,Assistant,"Atlanta, Georgia",4.0,11,11,,,0,0,R,E,0,0,0,0,0,0,0,D7,D6,D6,0,0,0,0,0,0,
11_Jade_B,Jade Beazley,24.0,Sales,"Nashville, Tennessee",4.0,11,11,,,0,0,0,ED,0,0,0,0,0,0,0,D7,D5,D2,0,0,0,0,0,0,
11_McCarten_D,McCarten Delaney,26.0,Account manager,"Lemon Grove, California",4.0,11,11,,,0,0,0,E,0,0,0,0,0,0,0,D7,D6,D6,0,0,0,0,0,0,
11_Lindsey_H,Lindsey Hawkins,25.0,Model,"Livonia, Michigan",3.0,11,11,,,0,0,E,0,0,0,0,0,0,0,0,D7,D6,0,0,0,0,0,0,0,
11_Sarah_N,Sarah Newlon,23.0,Bar manager,"O'Fallon, Illinois",3.0,11,11,,B_3,0,R,E,0,0,0,0,0,0,0,0,D7,D6,0,0,0,0,0,0,0,
11_Solisa_S,Solisa Shoop,25.0,Esthetician,"Georgetown, Texas",3.0,11,11,,,0,0,E,0,0,0,0,0,0,0,0,D7,D5,0,0,0,0,0,0,0,
11_Michele_L,Michele Leavy,30.0,Realtor,"South Brunswick, New Jersey",2.0,11,11,,,0,EQ,0,0,0,0,0,0,0,0,0,0,0,0,0,0,0,0,0,0,
11_Mallory_S,Mallory Simons,24.0,Nanny,"Honolulu, Hawaii",2.0,11,11,,,0,E,0,0,0,0,0,0,0,0,0,D7,0,0,0,0,0,0,0,0,
11_Erin_G,Erin Gardner,25.0,Sales,"Tampa, Florida",2.0,11,11,,,0,E,0,0,0,0,0,0,0,0,0,D7,0,0,0,0,0,0,0,0,
11_Jessica_K,Jessica Kiss,27.0,News anchor,"Lady Lake, Florida",1.0,11,11,,,E,0,0,0,0,0,0,0,0,0,0,0,0,0,0,0,0,0,0,0,
11_Juli_G,Juli Gilliam,24.0,Student,"Chicago, Illinois",1.0,11,11,,,E,0,0,0,0,0,0,0,0,0,0,0,0,0,0,0,0,0,0,0,
11_Kim_O,Kim Orville,31.0,Realtor,"Woodbridge, Connecticut",1.0,11,11,,,E,0,0,0,0,0,0,0,0,0,0,0,0,0,0,0,0,0,0,0,
11_Lori_L,Lori Langley,33.0,Teacher,"Annapolis, Maryland",1.0,11,11,,,E,0,0,0,0,0,0,0,0,0,0,0,0,0,0,0,0,0,0,0,
11_Melissa_B,Melissa Buschel,28.0,Event planner,"Westchester, New York",1.0,11,11,,,E,0,0,0,0,0,0,0,0,0,0,0,0,0,0,0,0,0,0,0,
11_Morgan_B,Morgan Becker,24.0,Student,"Tempe, Arizona",1.0,11,11,,,E,0,0,0,0,0,0,0,0,0,0,0,0,0,0,0,0,0,0,0,
11_Natalie_V,Natalie Velasco,25.0,Student,"Duncanville, Texas",1.0,11,11,,,E,0,0,0,0,0,0,0,0,0,0,0,0,0,0,0,0,0,0,0,
11_Regina_D,Regina Doringa,31.0,Account representative,"San Diego, California",1.0,11,11,,,E,0,0,0,0,0,0,0,0,0,0,0,0,0,0,0,0,0,0,0,
11_Tauni_N,Tauni Nessler¬†,31.0,Nurse,"St. Louis Park, Minnesota",1.0,11,11,,,E,0,0,0,0,0,0,0,0,0,0,0,0,0,0,0,0,0,0,0,
11_Susan_S,Susan Stein,35.0,Project analyst,"St. Charles, Illinois",1.0,11,11,,,E,0,0,0,0,0,0,0,0,0,0,0,0,0,0,0,0,0,0,0,
12_Shayne_L,Shayne Lamas,22.0,Actress,"Malibu, California",0,12,12,,,0,0,R,0,0,0,0,W,0,0,0,D7,D1,D6,D4,D1,D1,D1,0,0,
12_Chelsea_W,Chelsea Wanstrath,25.0,Sales,"Durango, Colorado",8.0,12,12,,,0,R,0,R,0,0,0,E,0,0,0,D7,D10,D6,D1,D1,D1,D1,0,0,
12_Amanda_R,Amanda Rantuccio,27.0,Account Executive,"Niceville, Florida",7.0,12,12,,,R1,0,0,R,0,0,E,0,0,0,0,D8,D10,D1,D4,D1,D1,0,0,0,
12_Noelle_D,Noelle Drake,26.0,Photographer,"Loveland, Colorado",6.0,12,12,,,0,0,0,0,0,E,0,0,0,0,0,D8,D10,D6,D1,D1,0,0,0,0,
12_Marshana_R,Marshana Ritchie,27.0,Designer,"Brooklyn, New York",5.0,12,12,,,0,0,0,R,E,0,0,0,0,0,0,D8,D10,D2,D4,0,0,0,0,0,
12_Robin_C,Robin Canfield,22.0,Advertising,"Holland, Michigan",5.0,12,12,,,0,0,R,0,E,0,0,0,0,0,0,D7,D10,D6,D4,0,0,0,0,0,
12_Ashlee_W,Ashlee Williss,22.0,Writer,"Jacksonville Beach, Florida",4.0,12,12,,,0,R,0,E,0,0,0,0,0,0,0,D8,D10,D6,0,0,0,0,0,0,
12_Kelly_D,Kelly Duncan,25.0,Sales,"Hollywood, California",4.0,12,12,,,0,0,0,E,0,0,0,0,0,0,0,D7,D10,D6,0,0,0,0,0,0,
12_Holly_D,Holly Durst,24.0,Children's book author,"Suffield, Ohio",4.0,12,12,,B_2,0,0,R,ED,0,0,0,0,0,0,0,D8,D1,D2,0,0,0,0,0,0,
12_Amy_X,Amy,22.0,Nanny,"Stockton, California",3.0,12,12,,,0,0,E,0,0,0,0,0,0,0,0,D7,D10,0,0,0,0,0,0,0,
12_Erin_S,Erin Storm,33.0,Hot-dog vendor,"Venice, California",3.0,12,12,,,0,0,E,0,0,0,0,0,0,0,0,D7,D10,0,0,0,0,0,0,0,
12_Kristine_H,Kristine Heffelfinger,33.0,Personal trainer,"Dillsburg, Pennsylvania",3.0,12,12,,,0,0,E,0,0,0,0,0,0,0,0,D8,D10,0,0,0,0,0,0,0,
12_Carri_P,Carri Perrier,25.0,Church marketing rep.,"Oklahoma City, Oklahoma",2.0,12,12,,,0,E,0,0,0,0,0,0,0,0,0,D7,0,0,0,0,0,0,0,0,
12_Erin_H,Erin Harper,25.0,Event planner,"Seattle, Washington",2.0,12,12,,,0,E,0,0,0,0,0,0,0,0,0,D8,0,0,0,0,0,0,0,0,
12_Alyssa_X,Alyssa,24.0,Student,"Boise, Idaho",1.0,12,12,,,E,0,0,0,0,0,0,0,0,0,0,0,0,0,0,0,0,0,0,0,
12_Amanda_P,Amanda Petterman,26.0,Student,"LaFollette, Tennessee",1.0,12,12,,,E,0,0,0,0,0,0,0,0,0,0,0,0,0,0,0,0,0,0,0,
12_Denise_X,Denise,30.0,Attorney and former White House aide,"Washington, D.C",1.0,12,12,,,E,0,0,0,0,0,0,0,0,0,0,0,0,0,0,0,0,0,0,0,
12_Devon_X,Devon,24.0,Makeup artist,"Austin, Texas",1.0,12,12,,,E,0,0,0,0,0,0,0,0,0,0,0,0,0,0,0,0,0,0,0,
12_Lesley_G,Lesley Geyer,23.0,Youth minister,"Tampa, Florida",1.0,12,12,,,E,0,0,0,0,0,0,0,0,0,0,0,0,0,0,0,0,0,0,0,
12_Michele_R,Michele R.,33.0,Designer,"Laguna Niguel, California",1.0,12,12,,,E,0,0,0,0,0,0,0,0,0,0,0,0,0,0,0,0,0,0,0,
12_Rebecca_X,Rebecca,30.0,Attorney,"Alamo, California",1.0,12,12,,,E,0,0,0,0,0,0,0,0,0,0,0,0,0,0,0,0,0,0,0,
12_Stacey_E,Stacey Elza,26.0,Student,"Chicago, Illinois",1.0,12,12,,,E,0,0,0,0,0,0,0,0,0,0,0,0,0,0,0,0,0,0,0,
12_Tamara_X,Tamara,23.0,Waitress,"Beverly Hills, California",1.0,12,12,,,E,0,0,0,0,0,0,0,0,0,0,0,0,0,0,0,0,0,0,0,
12_Tiffany_X,Tiffany,33.0,Real estate marketing rep.,"San Francisco, California",1.0,12,12,,,E,0,0,0,0,0,0,0,0,0,0,0,0,0,0,0,0,0,0,0,
13_Melissa_R,Melissa Rycroft,25.0,Sales,"Dallas, Texas",0,13,13,,,0,R,0,0,0,0,0,W,0,0,0,D1,D8,D6,D1,D1,D1,D1,0,0,
13_Molly_M,Molly Malaney,24.0,Department Store Buyer,"Brookfield, Wisconsin",8.0,13,13,,,0,R,0,R,0,0,0,E,0,0,0,D8,0,D1,D3,D1,D1,D1,0,0,
13_Jillian_H,Jillian Harris,29.0,Designer,"Peace River,¬†Alberta",7.0,13,13,,,0,R,R,0,0,0,E,0,0,0,0,D1,D8,D6,D3,D1,D1,0,0,0,5
13_Naomi_C,Naomi Rose Crespo,24.0,Flight Attendant,"Carlsbad,¬†California",6.0,13,13,,,0,0,0,R,0,E,0,0,0,0,0,D8,D8,D6,D1,D1,0,0,0,0,
13_Stephanie_H,Stephanie Hogan,34.0,Single Mother & Medical Marketing Rep.,"Huntsville,¬†Alabama",5.0,13,13,,,0,0,R,R,E,0,0,0,0,0,0,0,D1,D2,D3,0,0,0,0,0,
13_Lauren_W,Lauren Wanger,27.0,Teacher,"Marlboro,¬†New Jersey",4.0,13,13,,,0,0,0,E,0,0,0,0,0,0,0,D8,0,D6,0,0,0,0,0,0,
13_Megan_P,Megan Parris,25.0,Single Mother and Lacrosse Coach,"Sewickley,¬†Pennsylvania",4.0,13,13,,,R,0,0,E,0,0,0,0,0,0,0,0,D8,D6,0,0,0,0,0,0,
13_Shannon_B,Shannon Bair,29.0,Dental Hygienist,"Marshall,¬†Missouri",4.0,13,13,,,0,0,0,E,0,0,0,0,0,0,0,0,D8,D6,0,0,0,0,0,0,
13_Erica_D,Erica DeSimone,25.0,Account Executive,"Monroe,¬†Connecticut",3.0,13,13,,,0,0,E,0,0,0,0,0,0,0,0,D8,D8,0,0,0,0,0,0,0,
13_Kari_F,Kari Fajen,27.0,Account Executive,"Lee's Summit,¬†Missouri",3.0,13,13,,,0,0,E,0,0,0,0,0,0,0,0,D8,0,0,0,0,0,0,0,0,
13_Natalie_G,Natalie Getz,27.0,Human Resources Recruiter,"Morton,¬†Illinois",3.0,13,13,,B_1,0,0,ED,0,0,0,0,0,0,0,0,D8,D1,0,0,0,0,0,0,0,
13_Raquel_M,Raquel Medeiros,27.0,Student,"Recife,¬†Pernambuco,¬†Brazil",2.0,13,13,,,0,E,0,0,0,0,0,0,0,0,0,0,0,0,0,0,0,0,0,0,
13_Sharon_S,Sharon Staebell,32.0,Teacher,"Batavia,¬†New York",2.0,13,13,,,0,E,0,0,0,0,0,0,0,0,0,D8,0,0,0,0,0,0,0,0,
13_Lisa_G,Lisa Gonzalez,28.0,Public Relations Associate,"Boise,¬†Idaho",2.0,13,13,,,0,EQ,0,0,0,0,0,0,0,0,0,0,0,0,0,0,0,0,0,0,
13_Ann_L,Ann Lueders,24.0,Flight Attendant,"Phoenix,¬†Arizona",1.0,13,13,,,E,0,0,0,0,0,0,0,0,0,0,0,0,0,0,0,0,0,0,0,
13_Dominique_C,Dominique Carta,26.0,Sales,"Mt. Carmel,¬†Pennsylvania",1.0,13,13,,,E,0,0,0,0,0,0,0,0,0,0,0,0,0,0,0,0,0,0,0,
13_Emily_X,Emily,23.0,Casino Marketing Rep.,"Seattle,¬†Washington",1.0,13,13,,,E,0,0,0,0,0,0,0,0,0,0,0,0,0,0,0,0,0,0,0,
13_Jackie_H,Jackie Hickey,26.0,Wedding Coordinator,"Springfield,¬†Massachusetts",1.0,13,13,,,E,0,0,0,0,0,0,0,0,0,0,0,0,0,0,0,0,0,0,0,
13_Julie_D,Julie Dermotta,26.0,Teacher,"Columbus,¬†Ohio",1.0,13,13,,,E,0,0,0,0,0,0,0,0,0,0,0,0,0,0,0,0,0,0,0,
13_Nicole_M,Nicole Mah,25.0,Menswear Buyer,"Calgary,¬†Alberta",1.0,13,13,,,E,0,0,0,0,0,0,0,0,0,0,0,0,0,0,0,0,0,0,0,
13_Renee_S,Renee Simlak,36.0,Designer,"Southfield,¬†Michigan",1.0,13,13,,,E,0,0,0,0,0,0,0,0,0,0,0,0,0,0,0,0,0,0,0,
13_Shelby_X,Shelby,23.0,Account Executive,"Stockton,¬†California",1.0,13,13,,,E,0,0,0,0,0,0,0,0,0,0,0,0,0,0,0,0,0,0,0,
13_Stacia_M,Stacia Mann,24.0,Single Mother & Charity Accountant,"Orem,¬†Utah",1.0,13,13,,,E,0,0,0,0,0,0,0,0,0,0,0,0,0,0,0,0,0,0,0,
13_Treasure_M,Treasure Morgan,28.0,Nurse,"Salt Lake City,¬†Utah",1.0,13,13,,,E,0,0,0,0,0,0,0,0,0,0,0,0,0,0,0,0,0,0,0,
14_Vienna_G,Vienna Girardi,23.0,Marketing Representative,"Geneva,¬†Florida",0,14,14,,B_2,0,0,R,0,0,0,0,W,0,0,0,D5,D1,D6,D2,D1,D1,D1,0,0,
14_Tenley_M,Tenley Molzahn,25.0,College Admissions,"Newberg,¬†Oregon",8.0,14,14,A_2,B_1,R1,0,0,R,0,0,0,E,0,0,0,0,D8,D6,D1,D1,D1,D1,0,0,
14_Gia_A,Gia Allemand,26.0,Model,"New York,¬†New York",7.0,14,14,,"B_1, B_2",0,0,0,R,0,0,EQ,0,0,0,0,D6,0,D1,D2,D1,D1,0,0,0,
14_Ali_F,Ali Fedotowsky,25.0,Advertising,"Williamstown,¬†Massachusetts",6.0,14,14,,,0,R,0,0,0,E,0,0,0,0,0,D1,D8,D6,D1,D1,0,0,0,0,6
14_Corrie_A,Corrie Adamson,23.0,Consultant,"Kissimmee,¬†Florida",5.0,14,14,,,0,0,0,0,E,0,0,0,0,0,0,D6,D8,D6,D1,0,0,0,0,0,
14_Ashleigh_H,Ashleigh Hunt,25.0,Account Manager,"North Potomac,¬†Maryland",4.0,14,14,,,0,0,0,E,0,0,0,0,0,0,0,D6,D8,D6,0,0,0,0,0,0,
14_Jessie_S,Jessie Sulidis,25.0,Sales,"Oakville,¬†Ontario",4.0,14,14,,B_1,0,0,0,E,0,0,0,0,0,0,0,D5,D8,D6,0,0,0,0,0,0,
14_Kathryn_S,Kathryn Sherlock,25.0,Flight Attendant,"Lexington,¬†Kentucky",4.0,14,14,,,0,0,0,ED,0,0,0,0,0,0,0,D5,D8,D2,0,0,0,0,0,0,
14_Ella_N,Ella Nolan,30.0,Hair Stylist,"La Follette,¬†Tennessee",4.0,14,14,,B_2,0,0,R,ED,0,0,0,0,0,0,0,0,D1,D2,0,0,0,0,0,0,
14_Elizabeth_N,Elizabeth NE,29.0,Nanny,"Imperial,¬†Nebraska",3.0,14,14,,,0,R,E,0,0,0,0,0,0,0,0,D5,D8,0,0,0,0,0,0,0,
14_Valishia_S,Valishia Savage,32.0,Homemaker,"San Bernardino,¬†California",3.0,14,14,,,0,0,E,0,0,0,0,0,0,0,0,D6,0,0,0,0,0,0,0,0,
14_Michelle_K,Michelle Kujawa,26.0,Office Manager,"Anaheim,¬†California",3.0,14,14,A_1,B_1,0,0,ED,0,0,0,0,0,0,0,0,0,D8,0,0,0,0,0,0,0,
14_Ashley_E,Ashley Elmore,29.0,Teacher,"Pittsburgh,¬†Pennsylvania",2.0,14,14,,B_1,0,E,0,0,0,0,0,0,0,0,0,D5,0,0,0,0,0,0,0,0,
14_Christina_M,Christina McCasland,25.0,Restaurant Manager,"San Diego,¬†California",2.0,14,14,,,0,E,0,0,0,0,0,0,0,0,0,D6,0,0,0,0,0,0,0,0,
14_Rozlyn_P,Rozlyn Papa,28.0,Model,"Richmond,¬†Virginia",2.0,14,14,,,0,EF,0,0,0,0,0,0,0,0,0,D6,0,0,0,0,0,0,0,0,
14_Alexa_M,Alexa (Lex) McAllister,25.0,Entrepreneur,"Galloway,¬†Ohio",1.0,14,14,,,E,0,0,0,0,0,0,0,0,0,0,0,0,0,0,0,0,0,0,0,
14_Caitlyn_M,Caitlyn McCabe,24.0,Model,"Winfield,¬†Illinois",1.0,14,14,,,E,0,0,0,0,0,0,0,0,0,0,0,0,0,0,0,0,0,0,0,
14_Channy_C,Channy Choch,29.0,Mortgage Loan Officer,"Santa Rosa,¬†California",1.0,14,14,,,E,0,0,0,0,0,0,0,0,0,0,0,0,0,0,0,0,0,0,0,
14_Elizabeth_D,Elizabeth DC,29.0,"Captain, Air National Guard","Union,¬†Kentucky",1.0,14,14,,,E,0,0,0,0,0,0,0,0,0,0,0,0,0,0,0,0,0,0,0,
14_Emily_H,Emily Harkins,23.0,Model,"West Chester,¬†Ohio",1.0,14,14,,,E,0,0,0,0,0,0,0,0,0,0,0,0,0,0,0,0,0,0,0,
14_Kimberly_S,Kimberly Sullivan,24.0,Dancer,"Norman,¬†Oklahoma",1.0,14,14,,,E,0,0,0,0,0,0,0,0,0,0,0,0,0,0,0,0,0,0,0,
14_Kirsten_P,Kirsten Pittman,25.0,Waitress,"Aurora,¬†Colorado",1.0,14,14,,,E,0,0,0,0,0,0,0,0,0,0,0,0,0,0,0,0,0,0,0,
14_Sheila_L,Sheila Marie Lidner,25.0,Commercial Pilot,"Scottsdale,¬†Arizona",1.0,14,14,,,E,0,0,0,0,0,0,0,0,0,0,0,0,0,0,0,0,0,0,0,
14_Stephanie_M,Stephanie Mueller,24.0,Teacher,"Morris,¬†Illinois",1.0,14,14,,,E,0,0,0,0,0,0,0,0,0,0,0,0,0,0,0,0,0,0,0,
14_Tiana_K,Tiana Kruzel,31.0,Medical Technician,"Calgary,¬†Alberta",1.0,14,14,,,E,0,0,0,0,0,0,0,0,0,0,0,0,0,0,0,0,0,0,0,
15_Emily_M,Emily Maynard,25.0,Children's Hospital Event Planner,"Morgantown, West Virginia",0,15,15,,,0,R,R,0,R,0,0,0,0,W,0,D15,D1,0,D8,D6,D1,D1,D1,D1,8
15_Chantal_O,Chantal O'Brien,28.0,Assistant,"Mercer Island, Washington",10.0,15,15,,,0,0,0,R,0,R,0,0,0,E,0,D15,D12,D1,D8,D1,D3,D1,D1,D1,
15_Ashley_H,Ashley Hebert,26.0,Student,"Madawaska, Maine",9.0,15,15,,,0,R,0,0,R,0,R,0,E,0,0,D1,D12,D9,D2,D6,D3,D1,D1,0,7
15_Shawntel_N,Shawntel Newton,25.0,Funeral Director,"Chico, California",8.0,15,15,,,0,0,R,0,R,0,0,E,0,0,0,D15,D12,0,D1,D6,D1,D1,0,0,
15_Michelle_M,Michelle Money,30.0,Hair stylist,"Salt Lake City,¬†Utah",7.0,15,15,A_1,B_2,0,R,0,R,0,0,E,0,0,0,0,D15,D12,D1,D8,D6,D3,0,0,0,
15_Britt_B,Britt Billmaier,25.0,Writer,"Woodinville, Washington",7.0,15,15,,,0,0,0,R,0,0,ED,0,0,0,0,D15,D12,D9,D8,D6,D1,0,0,0,
15_Jackie_G,Jackie Gordon,26.0,Artist,"Newport, Rhode Island",6.0,15,15,,B_2,0,R,0,0,0,E,0,0,0,0,0,D1,0,D9,D8,D6,0,0,0,0,
15_Alli_T,Alli Travis,24.0,Apparel merchant,"Columbus, Ohio",6.0,15,15,,B_2,0,0,0,0,0,ED,0,0,0,0,0,D15,D12,D9,D8,D1,0,0,0,0,
15_Lisa_M,Lisa Morrisey,24.0,Marketing Coordinator,"Ottawa,¬†Kansas",5.0,15,15,,,0,0,0,0,E,0,0,0,0,0,0,D15,D12,D9,D8,0,0,0,0,0,
15_Marissa_M,Marissa May,26.0,Sports Publicist,"Mesa,¬†Arizona",5.0,15,15,,,0,0,0,0,E,0,0,0,0,0,0,D15,D12,0,D8,0,0,0,0,0,
15_Ashley_S,Ashley Spivey,26.0,Nanny,"Ellerbe,¬†North Carolina",5.0,15,15,,,R1,0,R,0,ED,0,0,0,0,0,0,0,D1,D9,D2,0,0,0,0,0,
15_Lindsay_H,Lindsay Hill,25.0,Teacher,"Plano,¬†Texas",4.0,15,15,,,0,0,0,E,0,0,0,0,0,0,0,0,D12,D9,0,0,0,0,0,0,
15_Meghan_M,Meghan Merritt,30.0,Fashion Marketer,"Princeton,¬†New Jersey",4.0,15,15,,,0,0,0,E,0,0,0,0,0,0,0,D15,0,D9,0,0,0,0,0,0,
15_Stacey_Q,Stacey Quirpel,26.0,Bartender,"Quincy,¬†Massachusetts",4.0,15,15,,,0,0,0,E,0,0,0,0,0,0,0,D15,D12,D9,0,0,0,0,0,0,
15_Kimberly_C,Kimberly Coon,27.0,Marketing Coordinator,"Orlando,¬†Florida",3.0,15,15,,,0,0,E,0,0,0,0,0,0,0,0,D15,D12,0,0,0,0,0,0,0,
15_Sarah_P,Sarah Powell,27.0,Real Estate Broker,"Denver,¬†Colorado",3.0,15,15,,,0,0,E,0,0,0,0,0,0,0,0,0,D12,0,0,0,0,0,0,0,
15_Madison_G,Madison Garton,25.0,Model,"Vail,¬†Colorado",3.0,15,15,,,0,0,EQ,0,0,0,0,0,0,0,0,D15,0,0,0,0,0,0,0,0,
15_Keltie_C,Keltie Colleen,28.0,Dancer,"Sherwood Park,¬†Alberta",2.0,15,15,,,0,E,0,0,0,0,0,0,0,0,0,D15,0,0,0,0,0,0,0,0,
15_Melissa_S,Melissa Schreiber,32.0,Waitress,"Westport,¬†Connecticut",2.0,15,15,,B_2,0,E,0,0,0,0,0,0,0,0,0,D15,0,0,0,0,0,0,0,0,
15_Raichel_G,Raichel Goodyear,29.0,Manscaper,"Fullerton,¬†California",2.0,15,15,,,0,E,0,0,0,0,0,0,0,0,0,D15,0,0,0,0,0,0,0,0,
15_Britnee_X,Britnee,25.0,Paralegal,"Holland,¬†Pennsylvania",1.0,15,15,,,E,0,0,0,0,0,0,0,0,0,0,0,0,0,0,0,0,0,0,0,
15_Cristy_C,Cristy Caserta,30.0,Attorney,"Davie,¬†Florida",1.0,15,15,,,E,0,0,0,0,0,0,0,0,0,0,0,0,0,0,0,0,0,0,0,
15_Jessica_A,"Jessica ""J"" Adams",26.0,Operations Manager,"Seattle,¬†Washington",1.0,15,15,,,E,0,0,0,0,0,0,0,0,0,0,0,0,0,0,0,0,0,0,0,
15_Jill_R,Jill Ruskowski,28.0,Sales,"Frisco,¬†Texas",1.0,15,15,,,E,0,0,0,0,0,0,0,0,0,0,0,0,0,0,0,0,0,0,0,
15_Lacey_G,Lacey Garbelman,27.0,Insurance agent,"Tampa,¬†Florida",1.0,15,15,,,E,0,0,0,0,0,0,0,0,0,0,0,0,0,0,0,0,0,0,0,
15_Lauren_M,Lauren Moore,26.0,Teacher,"Culpeper,¬†Virginia",1.0,15,15,,,E,0,0,0,0,0,0,0,0,0,0,0,0,0,0,0,0,0,0,0,
15_Lisa_P,Lisa P.,27.0,Sales,"Dix Hills,¬†New York",1.0,15,15,,,E,0,0,0,0,0,0,0,0,0,0,0,0,0,0,0,0,0,0,0,
15_Rebecca_X,Rebecca,30.0,Esthetician,"Mission Viejo,¬†California",1.0,15,15,,,E,0,0,0,0,0,0,0,0,0,0,0,0,0,0,0,0,0,0,0,
15_Renee_H,Renee Halpin,28.0,Nanny,"Palos Hills,¬†Illinois",1.0,15,15,,,E,0,0,0,0,0,0,0,0,0,0,0,0,0,0,0,0,0,0,0,
15_Sarah_L,Sarah Ledtke,25.0,Performer,"Saginaw,¬†Michigan",1.0,15,15,,,E,0,0,0,0,0,0,0,0,0,0,0,0,0,0,0,0,0,0,0,
16_Courtney_R,Courtney Robertson,28.0,Model,"Scottsdale,¬†Arizona",0,16,16,,,0,R,0,R,0,0,0,0,0,W,0,D1,0,D8,D9,D6,D1,D1,D1,D1,
16_Lindzi_C,Lindzi Cox,27.0,Business development manager,"Newcastle, Washington",10.0,16,16,,B_3,R1,0,R,0,0,R,0,0,0,E,0,0,D1,D8,D9,D6,D1,D1,D1,D1,
16_Nicki_S,Nicki Sterling,26.0,Dental hygienist,"Hurst,¬†Texas",9.0,16,16,,,0,0,0,0,R,0,0,0,E,0,0,D12,D11,D8,D1,D6,D3,D1,D1,0,
16_Kacie_B,Kacie Boguskie,24.0,Assistant,"Clarksville,¬†Tennessee",8.0,16,16,,,0,R,0,0,R,R,R,E,0,0,0,D1,D11,D8,D9,D1,D3,D1,0,0,
16_Emily_O,Emily O'Brien,27.0,Student,"Chapel Hill,¬†North Carolina",7.0,16,16,,,0,0,R,0,0,0,E,0,0,0,0,D12,D1,0,D9,D6,D1,0,0,0,
16_Rachel_T,Rachel Truehart,27.0,Sales,"Southampton,¬†Massachusetts",7.0,16,16,,B_3,0,0,R,R,0,R,E,0,0,0,0,D12,D11,D1,D9,D2,D3,0,0,0,
16_Jamie_O,Jamie Otis,25.0,Nurse,"Dryden,¬†New York",6.0,16,16,,B_3,0,0,0,0,0,E,0,0,0,0,0,D12,D11,D8,D9,D6,0,0,0,0,
16_Casey_S,Casey Shteamer,26.0,Trading clerk,"Leawood,¬†Kansas",6.0,16,16,,,0,0,0,0,0,EF,0,0,0,0,0,0,D11,D8,D9,D6,0,0,0,0,
16_Blakeley_J,Blakeley Jones,33.0,Waitress,"Rutherfordton,¬†North Carolina",6.0,16,16,,B_3,0,R,0,0,0,ED,0,0,0,0,0,D12,D11,D8,D9,D2,0,0,0,0,
16_Jennifer_F,Jennifer Fritsch,28.0,Accountant,"Cache,¬†Oklahoma",5.0,16,16,,,0,0,0,R,E,0,0,0,0,0,0,D12,0,D1,D9,0,0,0,0,0,
16_Elyse_M,Elyse Myers,24.0,Personal trainer,"Chicago,¬†Illinois",5.0,16,16,,,0,0,0,0,ED,0,0,0,0,0,0,0,D11,0,D1,0,0,0,0,0,
16_Monica_S,Monica Spannbauer,33.0,Consultant,"Yuba,¬†California",4.0,16,16,,,0,0,0,E,0,0,0,0,0,0,0,D12,D11,0,0,0,0,0,0,0,
16_Samantha_L,Samantha Levey,26.0,Advertising,"Pittsburgh,¬†Pennsylvania",4.0,16,16,,,0,0,0,EQ,0,0,0,0,0,0,0,D12,D11,D8,0,0,0,0,0,0,
16_Erika_U,Erika Uhlig,23.0,Student,"Charlottesville,¬†Virginia",3.0,16,16,,,0,0,E,0,0,0,0,0,0,0,0,0,D11,0,0,0,0,0,0,0,
16_Jaclyn_S,Jaclyn Swartz,27.0,Advertising,"Newton,¬†Massachusetts",3.0,16,16,A_2,B_3,0,0,E,0,0,0,0,0,0,0,0,D12,D11,0,0,0,0,0,0,0,
16_Brittney_S,Brittney Schreiner,26.0,Sales,"Colorado Springs,¬†Colorado",3.0,16,16,,,0,0,EQ,0,0,0,0,0,0,0,0,D12,0,0,0,0,0,0,0,0,
16_Jenna_B,Jenna Burke,27.0,Blogger,"Loveland,¬†Ohio",2.0,16,16,,,0,E,0,0,0,0,0,0,0,0,0,D12,0,0,0,0,0,0,0,0,
16_Shawn_R,Shawn Reynolds,28.0,Financial advisor,"Cincinnati,¬†Ohio",2.0,16,16,,,0,E,0,0,0,0,0,0,0,0,0,D12,0,0,0,0,0,0,0,0,
16_Amber_B,Amber Bacon,23.0,Nurse,"Port Coquitlam,¬†British Columbia",1.0,16,16,,,E,0,0,0,0,0,0,0,0,0,0,0,0,0,0,0,0,0,0,0,
16_Amber_T,Amber Tierney,28.0,Nurse,"Waverly,¬†Nebraska",1.0,16,16,,,E,0,0,0,0,0,0,0,0,0,0,0,0,0,0,0,0,0,0,0,
16_Anna_S,Anna Snowball,25.0,Student,"Detroit,¬†Michigan",1.0,16,16,,,E,0,0,0,0,0,0,0,0,0,0,0,0,0,0,0,0,0,0,0,
16_Dianna_M,Dianna Martinez,30.0,Nonprofit director,"San Gabriel,¬†California",1.0,16,16,,,E,0,0,0,0,0,0,0,0,0,0,0,0,0,0,0,0,0,0,0,
16_Holly_J,Holly Johnson,34.0,Sales,"Salyersville,¬†Kentucky",1.0,16,16,,,E,0,0,0,0,0,0,0,0,0,0,0,0,0,0,0,0,0,0,0,
16_Lyndsie_J,Lyndsie James,29.0,Internet entrepreneur,"London,¬†England",1.0,16,16,,,E,0,0,0,0,0,0,0,0,0,0,0,0,0,0,0,0,0,0,0,
16_Shira_A,Shira Astrof,35.0,Actress,"Massapequa Park, New York",1.0,16,16,,,E,0,0,0,0,0,0,0,0,0,0,0,0,0,0,0,0,0,0,0,
17_Catherine_G,Catherine Giudici,26.0,Designer,"Seattle, Washington",0,17,17,,,R1,0,0,0,0,R,0,0,0,W,0,D13,D12,D8,D8,D1,D3,D1,D1,D1,
17_Lindsay_Y,Lindsay Yenter,24.0,Teacher,"Fort Bragg, North Carolina",10.0,17,17,,,0,0,R,0,R,0,R,0,0,E,0,0,D12,D8,D1,D7,D3,D1,D1,D1,
17_AshLee_F,AshLee Frazier,32.0,Personal Organizer,"Houston, Texas",9.0,17,17,A_1,,R1,0,R,0,0,0,0,0,E,0,0,0,D1,D8,D8,D7,D1,D1,D1,0,
17_Desiree_H,Desiree Hartsock,26.0,Bridal Stylist,"Northglenn, Colorado",8.0,17,17,,,R1,R,0,0,0,R,0,E,0,0,0,D1,D12,0,D8,D1,D3,D1,0,0,9
17_Lesley_M,Lesley Murphy,24.0,Consultant,"Fort Smith, Arkansas",7.0,17,17,,,0,0,R,0,0,R,E,0,0,0,0,D13,D1,0,D8,D7,D1,0,0,0,
17_Tierra_L,Tierra LiCausi,24.0,Consultant,"Las Vegas, Nevada",7.0,17,17,,,R1,0,0,R,R,0,EU,0,0,0,0,D13,D12,D8,D2,D7,0,0,0,0,
17_Daniella_M,Daniella McBride,24.0,Commercial Casting Associate,"Belmont, California",6.0,17,17,A_1,,0,0,0,0,R,E,0,0,0,0,0,D13,D12,0,D8,D7,0,0,0,0,
17_Selma_A,Selma Alameri,29.0,Real Estate Dealer,"Borrego Springs, California",6.0,17,17,,,R1,0,0,R,0,E,0,0,0,0,0,D13,0,D1,D8,D7,0,0,0,0,
17_Sarah_H,Sarah Herron,26.0,Advertising,"Evergreen, Colorado",6.0,17,17,"A_1, A_3",,R1,R,0,0,0,EU,0,0,0,0,0,D1,0,D8,D8,D7,0,0,0,0,
17_Robyn_H,Robyn Howard,24.0,Oil Field Account Manager,"Topeka, Kansas",5.0,17,17,,,R1,0,0,0,E,0,0,0,0,0,0,D13,D12,D8,D8,0,0,0,0,0,
17_Jackie_P,Jackie Parr,25.0,Consultant,"Ormond Beach, Florida",5.0,17,17,A_1,,R1,0,0,0,ED,0,0,0,0,0,0,0,D12,D8,D2,0,0,0,0,0,
17_Amanda_M,Amanda Meyer,26.0,Model,"Bakersfield, California",4.0,17,17,,,0,0,0,E,0,0,0,0,0,0,0,D13,D12,D8,0,0,0,0,0,0,
17_Leslie_H,Leslie Hughes,28.0,Poker Dealer,"Ruskin, Florida",4.0,17,17,,,R1,0,0,ED,0,0,0,0,0,0,0,0,D12,D1,0,0,0,0,0,0,
17_Kristy_K,Kristy Kaminski,25.0,Model,"Darien, Wisconsin",3.0,17,17,,,0,0,E,0,0,0,0,0,0,0,0,D13,D12,0,0,0,0,0,0,0,
17_Taryn_D,Taryn Renee Daniels,30.0,Health Club Manager,"Troutdale, Oregon",3.0,17,17,,,0,0,E,0,0,0,0,0,0,0,0,D13,D12,0,0,0,0,0,0,0,
17_Kacie_B,Kacie Boguskie,25.0,Assistant,"Clarksville, Tennessee",3.0,17,17,,,0,R,E,0,0,0,0,0,0,0,0,D13,D12,0,0,0,0,0,0,0,
17_Brooke_B,Brooke Burchette,25.0,Community Organizer,"Pittsburgh,¬†Pennsylvania",2.0,17,17,,,R1,E,0,0,0,0,0,0,0,0,0,D13,0,0,0,0,0,0,0,0,
17_Diana_W,Diana Weeks Willardson,31.0,Business Owner,"Sandy, Utah",2.0,17,17,,,R1,E,0,0,0,0,0,0,0,0,0,D13,0,0,0,0,0,0,0,0,
17_Katie_L,Katie Levans,27.0,Yoga Instructor,"Woodstock, Illinois",2.0,17,17,,,R1,EQ,0,0,0,0,0,0,0,0,0,D13,0,0,0,0,0,0,0,0,
17_Ashley_H,Ashley Harper,25.0,Model,"Garner, North Carolina",1.0,17,17,,,E,0,0,0,0,0,0,0,0,0,0,0,0,0,0,0,0,0,0,0,
17_Ashley_P,Ashley Palenkas,28.0,Hair Stylist,"Macomb, Michigan",1.0,17,17,,,E,0,0,0,0,0,0,0,0,0,0,0,0,0,0,0,0,0,0,0,
17_Kelly_D,Kelly Dutton,28.0,Entertainer,"Chattanooga, Tennessee",1.0,17,17,,,E,0,0,0,0,0,0,0,0,0,0,0,0,0,0,0,0,0,0,0,
17_Keriann_M,Keriann Miranda,29.0,Entrepreneur,"Agoura Hills, California",1.0,17,17,,,E,0,0,0,0,0,0,0,0,0,0,0,0,0,0,0,0,0,0,0,
17_Lacey_L,Lacey Latka,24.0,Student,"Stevenson Ranch, California",1.0,17,17,,,E,0,0,0,0,0,0,0,0,0,0,0,0,0,0,0,0,0,0,0,
17_Lauren_M,Lauren Marchetti,27.0,Journalist,"Cranston, Rhode Island",1.0,17,17,,,E,0,0,0,0,0,0,0,0,0,0,0,0,0,0,0,0,0,0,0,
17_Paige_V,Paige Vigil,25.0,Jumbotron Operator,"Minnetonka, Minnesota",1.0,17,17,,B_3,E,0,0,0,0,0,0,0,0,0,0,0,0,0,0,0,0,0,0,0,
18_Nikki_F,Nikki Ferrell,26.0,Nurse,"Kearney, Missouri",0,18,18,,,0,0,R,R,R,0,0,0,0,W,0,D13,D10,D6,D1,D6,D1,D1,D1,D1,
18_Clare_C,Clare Crawley,32.0,Hairstylist,"Sacramento, California",10.0,18,18,"A_1, A_2",,0,R,0,0,R,R,0,0,0,E,0,D1,0,D6,D9,D1,D4,D1,D1,D1,16
18_Andi_D,Andi Dorfman,26.0,Assistant,"Buckhead, Georgia",9.0,18,18,,,0,0,0,R,0,R,R,0,EQ,0,0,D13,D10,D6,D9,D1,D4,D1,D1,0,10
18_Renee_O,Renee Oteri,32.0,Real Estate Agent,"Martha's Vineyard, Massachusetts",8.0,18,18,,,0,0,0,0,R,0,0,E,0,0,0,D13,D10,D6,D1,D6,D4,D1,0,0,
18_Chelsie_W,Chelsie Webster,24.0,Science Educator,"Lexington, Ohio",7.0,18,18,A_2,,0,0,R,0,0,0,E,0,0,0,0,D13,D1,D6,D9,D6,D4,0,0,0,
18_Sharleen_J,Sharleen Joynt,29.0,Singer,"Ottawa,¬†Ontario",7.0,18,18,,,R1,0,0,R,0,R,EQ,0,0,0,0,0,D10,D1,D9,D6,D1,0,0,0,
18_Kat_H,Kat Hurd,29.0,Dancer,"Iowa City, Iowa",6.0,18,18,,,0,R,0,0,0,E,0,0,0,0,0,D1,0,D6,D9,D6,0,0,0,0,
18_Cassandra_F,Cassandra Ferguson,22.0,Dancer,"Shelby Charter Township, Michigan",6.0,18,18,"A_2, A_5",,0,0,R,0,0,ED,0,0,0,0,0,D13,D1,D6,D9,D6,0,0,0,0,
18_Alli_R,Alli Restko,26.0,Nanny,"Orland Park, Illinois",5.0,18,18,,,0,0,0,0,E,0,0,0,0,0,0,D13,D10,D6,D9,0,0,0,0,0,
18_Danielle_R,Danielle Ronco,25.0,Nurse,"Litchfield, Illinois",5.0,18,18,A_1,,0,0,0,0,E,0,0,0,0,0,0,0,D10,D6,D9,0,0,0,0,0,
18_Kelly_T,Kelly Travis,27.0,Dog Lover,"Conyers, Georgia",5.0,18,18,,,0,R,0,0,E,0,0,0,0,0,0,D13,D10,D6,D9,0,0,0,0,0,
18_Elise_M,Elise Mosca,27.0,Teacher,"Forty Fort, Pennsylvania",4.0,18,18,A_1,,0,0,0,E,0,0,0,0,0,0,0,D13,0,D6,0,0,0,0,0,0,
18_Lauren_S,Lauren Solomon,26.0,Music Composer,"Austin, Texas",4.0,18,18,,,0,0,0,E,0,0,0,0,0,0,0,D13,D10,D6,0,0,0,0,0,0,
18_Christy_H,Christy Hansen,24.0,Marketing Manager,"Aurora, Illinois",3.0,18,18,A_1,,0,0,E,0,0,0,0,0,0,0,0,D13,D10,0,0,0,0,0,0,0,
18_Lucinda_A,"Lucinda ""Lucy"" Aragon",25.0,Free Spirit,"Santa Barbara, California",3.0,18,18,A_1,,0,0,E,0,0,0,0,0,0,0,0,D13,D10,0,0,0,0,0,0,0,
18_Amy_L,Amy Long,27.0,News Reporter,"Clermont, Florida",2.0,18,18,,,0,E,0,0,0,0,0,0,0,0,0,0,0,0,0,0,0,0,0,0,
18_Chantel_F,Chantel Forrest,27.0,Account Manager,"Miami, Florida",2.0,18,18,,,0,E,0,0,0,0,0,0,0,0,0,D13,0,0,0,0,0,0,0,0,
18_Victoria_L,Victoria Lima,24.0,Assistant,"Porto Alegre,¬†Brazil",2.0,18,18,,,0,EU,0,0,0,0,0,0,0,0,0,D13,0,0,0,0,0,0,0,0,
18_Alexis_M,Alexis Morgado,24.0,Communications Director/NHL¬†Ice Girl,"Tampa, Florida",1.0,18,18,,,E,0,0,0,0,0,0,0,0,0,0,0,0,0,0,0,0,0,0,0,
18_Amy_J,Amy Jokinen,31.0,Massage Therapist,"Apopka, Florida",1.0,18,18,,,E,0,0,0,0,0,0,0,0,0,0,0,0,0,0,0,0,0,0,0,
18_Ashley_P,Ashley Poe,25.0,Teacher,"Roanoke, Texas",1.0,18,18,,,E,0,0,0,0,0,0,0,0,0,0,0,0,0,0,0,0,0,0,0,
18_Christine_L,Christine Llano,23.0,Police Support Specialist,"Miami, Florida",1.0,18,18,,,E,0,0,0,0,0,0,0,0,0,0,0,0,0,0,0,0,0,0,0,
18_Kylie_L,Kylie Lewis,23.0,Designer,"Rockford, Illinois",1.0,18,18,,,E,0,0,0,0,0,0,0,0,0,0,0,0,0,0,0,0,0,0,0,
18_Lacy_F,Lacy Faddoul,25.0,Business Owner,"Antelope Acres, California",1.0,18,18,A_1,,E,0,0,0,0,0,0,0,0,0,0,0,0,0,0,0,0,0,0,0,
18_Lauren_H,Lauren Higginson,25.0,Mineral Coordinator,"Edmond, Oklahoma",1.0,18,18,,,E,0,0,0,0,0,0,0,0,0,0,0,0,0,0,0,0,0,0,0,
18_Maggie_G,Maggie Gantt,25.0,Banker,"Wagener, South Carolina",1.0,18,18,,,E,0,0,0,0,0,0,0,0,0,0,0,0,0,0,0,0,0,0,0,
18_Valerie_E,Valerie Eredia,26.0,Personal Trainer,"Sutter, California",1.0,18,18,,,E,0,0,0,0,0,0,0,0,0,0,0,0,0,0,0,0,0,0,0,
19_Whitney_B,Whitney Bischoff,29.0,Nurse,"Louisville, Kentucky",0,19,19,,,0,0,R,0,R,0,0,0,0,W,0,0,D1,D6,D9,D6,D1,D1,D1,D1,
19_Becca_T,Becca Tilley,25.0,Assistant,"Shreveport, Louisiana",10.0,19,19,,,0,0,R,0,0,R,0,0,0,E,0,D11,D12,D6,D9,D1,D1,D1,D1,D1,
19_Kaitlyn_B,Kaitlyn Bristowe,29.0,Dance Instructor,"Leduc, Alberta",9.0,19,19,,,0,R,R,R,0,0,R,0,E,0,0,D11,D1,D8,D9,D6,D3,D1,D1,0,11
19_Jade_R,Jade Roper,28.0,Cosmetics Developer,"Gering, Nebraska",8.0,19,19,A_2,,0,0,0,R,0,0,0,E,0,0,0,D6,0,D1,D9,D6,D1,D1,0,0,
19_Carly_W,Carly Waddell,29.0,Singer,"Arlington, Texas",7.0,19,19,"A_2, A_3",,0,0,0,0,R,0,E,0,0,0,0,0,D12,D6,D1,D6,D3,0,0,0,
19_Britt_N,Britt Nilsson,27.0,Waitress,"Wolcott Mills, Michigan",7.0,19,19,,,R1,0,0,0,R,R,E,0,0,0,0,D11,D12,D6,D1,D6,D3,0,0,0,
19_Megan_B,Megan Bell,24.0,Make-Up Artist,"Nashville, Tennessee",6.0,19,19,A_2,,0,R,0,0,0,EQ,0,0,0,0,0,D1,0,D8,D9,D6,0,0,0,0,
19_Kelsey_P,Kelsey Poe,28.0,Guidance Counselor,"Hudsonville, Michigan",6.0,19,19,,,0,0,0,0,0,ED,0,0,0,0,0,D11,D12,D8,D9,D2,0,0,0,0,
19_Ashley_I,Ashley Iaconetti,26.0,Nanny,"Great Falls, Virginia",6.0,19,19,A_2,,0,0,0,0,0,ED,0,0,0,0,0,D6,0,D8,D9,D2,0,0,0,0,
19_Mackenzie_D,Mackenzie Deonigi,21.0,Assistant,"Maple Valley, Washington",5.0,19,19,A_2,,0,R,0,0,E,0,0,0,0,0,0,D6,D12,D8,D9,0,0,0,0,0,
19_Samantha_S,Samantha Steffen,27.0,Designer,"Indianapolis, Indiana",5.0,19,19,A_2,,0,0,0,0,E,0,0,0,0,0,0,0,D12,D8,D9,0,0,0,0,0,
19_Ashley_S,Ashley Salter,24.0,Hair Stylist,"Vinings, Georgia",4.0,19,19,A_2,,0,0,0,E,0,0,0,0,0,0,0,D11,D12,D8,0,0,0,0,0,0,
19_Juelia_K,Juelia Kinney,30.0,Esthetician,"Beaverton, Oregon",4.0,19,19,A_2,,0,0,0,E,0,0,0,0,0,0,0,D11,D12,D8,0,0,0,0,0,0,
19_Nikki_D,Nikki Delventhal,26.0,Cheerleader,"Hasbrouck Heights, New Jersey",4.0,19,19,,,0,0,0,E,0,0,0,0,0,0,0,0,D12,D6,0,0,0,0,0,0,
19_Jillian_A,Jillian Anderson,25.0,News Producer,"Howland, Ohio",4.0,19,19,A_2,,0,0,0,ED,0,0,0,0,0,0,0,D11,D12,D6,0,0,0,0,0,0,
19_Amber_J,Amber James,29.0,Bartender,"Kankakee, Illinois",3.0,19,19,A_2,,0,0,E,0,0,0,0,0,0,0,0,D11,D12,0,0,0,0,0,0,0,
19_Tracy_D,Tracy Darakis,29.0,Teacher,"Wellington, Florida",3.0,19,19,,,0,0,E,0,0,0,0,0,0,0,0,D11,D12,0,0,0,0,0,0,0,
19_Trina_S,Trina Scherenberg,33.0,Teacher,"Algonquin, Illinois",3.0,19,19,,,0,0,E,0,0,0,0,0,0,0,0,D11,0,0,0,0,0,0,0,0,
19_Alissa_G,Alissa Giambrone,24.0,Flight Attendant,"Hamilton, New Jersey",2.0,19,19,,,0,E,0,0,0,0,0,0,0,0,0,D11,0,0,0,0,0,0,0,0,
19_Jordan_B,Jordan Branch,24.0,Student,"Windsor, Colorado",2.0,19,19,,,0,E,0,0,0,0,0,0,0,0,0,0,0,0,0,0,0,0,0,0,
19_Kimberly_S,Kimberly Sherbach,28.0,Yoga Instructor,"Wantagh, New York",2.0,19,19,,,E,0,0,0,0,0,0,0,0,0,0,D6,0,0,0,0,0,0,0,0,
19_Tandra_S,Tandra Steiner,30.0,Assistant,"Sandy, Utah",2.0,19,19,,,0,E,0,0,0,0,0,0,0,0,0,D6,0,0,0,0,0,0,0,0,
19_Tara_E,Tara Eddings,26.0,Sport Fishing Enthusiast,"Fort Lauderdale, Florida",2.0,19,19,,,0,E,0,0,0,0,0,0,0,0,0,D6,0,0,0,0,0,0,0,0,
19_Amanda_G,Amanda Goerlitz,24.0,Teacher,"Lake in the Hills, Illinois",1.0,19,19,,,E,0,0,0,0,0,0,0,0,0,0,0,0,0,0,0,0,0,0,0,
19_Bo_S,Bo Stanley,25.0,Model,"Carpinteria, California",1.0,19,19,,,E,0,0,0,0,0,0,0,0,0,0,0,0,0,0,0,0,0,0,0,
19_Brittany_F,Brittany Fetkin,26.0,WWE Diva-in-Training,"Temecula, California",1.0,19,19,,,E,0,0,0,0,0,0,0,0,0,0,0,0,0,0,0,0,0,0,0,
19_Kara_W,Kara Wilson,25.0,High School Soccer Coach,"Brownsville, Kentucky",1.0,19,19,,,E,0,0,0,0,0,0,0,0,0,0,0,0,0,0,0,0,0,0,0,
19_Michelle_D,Michelle Davis,25.0,Wedding Cake Baker,"Provo, Utah",1.0,19,19,,,E,0,0,0,0,0,0,0,0,0,0,0,0,0,0,0,0,0,0,0,
19_Nicole_M,Nicole Meacham,31.0,Real Estate Agent,"Scottsdale, Arizona",1.0,19,19,,,E,0,0,0,0,0,0,0,0,0,0,0,0,0,0,0,0,0,0,0,
19_Reegan_C,Reegan Cornwell,28.0,Sales,"Manhattan Beach, California",1.0,19,19,,,E,0,0,0,0,0,0,0,0,0,0,0,0,0,0,0,0,0,0,0,
20_Lauren_B,Lauren Bushnell,25.0,Flight Attendant,"West Linn, Oregon",0,20,20,,,0,0,R,R,0,0,0,0,0,W,0,0,D1,D12,D9,D7,D1,D1,D1,D1,
20_Joelle_F,"Joelle ""JoJo"" Fletcher",24.0,Real Estate Developer,"Dallas, Texas",10.0,20,20,,,0,R,0,R,0,0,0,0,0,E,0,D10,0,D1,D9,D7,D1,D1,D1,D1,12
20_Caila_Q,Caila Quinn,24.0,Sales,"Hudson, Ohio",9.0,20,20,A_3,,0,R,0,0,0,R,0,0,EU,0,0,D1,0,D12,D9,D1,D3,D1,D1,0,
20_Amanda_S,Amanda Stanton,25.0,Esthetician,"Rancho Santa Margarita, California",8.0,20,20,"A_3, A_4",,0,0,0,0,R,R,R,E,0,0,0,D6,D12,D12,D1,D7,D3,D1,0,0,
20_Becca_T,Becca Tilley,26.0,Assistant,"Shreveport, Louisiana",7.0,20,20,,,0,0,0,R,0,0,E,0,0,0,0,D10,0,D1,D9,D7,D3,0,0,0,
20_Emily_F,Emily Ferguson,23.0,Waitress,"Las Vegas, Nevada",7.0,20,20,"A_3, A_4",,0,0,0,0,0,R,ED,0,0,0,0,D6,D12,D12,D9,D2,D1,0,0,0,
20_Lauren_H,Lauren Himle,25.0,Teacher,"Dexter, Michigan",6.0,20,20,A_3,,0,0,0,0,R,E,0,0,0,0,0,D10,D12,D12,D1,D7,0,0,0,0,
20_Olivia_C,Olivia Caridi,23.0,Former News Anchor,"Bristol, Virginia",6.0,20,20,,,R1,R,0,0,R,ED,0,0,0,0,0,D6,D12,D12,D9,D2,0,0,0,0,
20_Leah_B,Leah Block,25.0,Event Planner,"Greenwood Village, Colorado",6.0,20,20,A_3,,0,0,0,0,0,EU,0,0,0,0,0,0,D12,D12,D9,D7,0,0,0,0,
20_Jennifer_S,Jennifer Saviano,25.0,Business Owner,"Lauderdale Lakes, Florida",5.0,20,20,"A_3, A_6",,0,0,0,0,E,0,0,0,0,0,0,D10,D12,D12,D9,0,0,0,0,0,
20_Jubilee_S,Jubilee Sharpe,24.0,War Veteran,"Fort Lauderdale, Florida",5.0,20,20,"A_3, A_5",,0,0,R,0,ED,0,0,0,0,0,0,D10,D1,D12,D9,0,0,0,0,0,
20_Amber_J,Amber James,30.0,Bartender,"Kankakee, Illinois",4.0,20,20,,,0,0,R,E,0,0,0,0,0,0,0,D10,D12,D12,0,0,0,0,0,0,
20_Rachel_T,Rachel Tchen,23.0,Unemployed,"Little Rock, Arkansas",4.0,20,20,,,0,0,0,E,0,0,0,0,0,0,0,0,D12,D12,0,0,0,0,0,0,
20_Haley_F,Haley Ferguson,23.0,Waitress,"Las Vegas, Nevada",4.0,20,20,"A_3, A_6",,0,0,0,ED,0,0,0,0,0,0,0,D6,D12,D12,0,0,0,0,0,0,
20_Jami_L,Jami Letain,23.0,Bartender,"St. Albert, Alberta",3.0,20,20,A_3,,0,0,E,0,0,0,0,0,0,0,0,0,D12,0,0,0,0,0,0,0,
20_Shushanna_M,Shushanna Mkrtychyan,27.0,Mathematician,"Salt Lake City, Utah",3.0,20,20,"A_3, A_5",,0,0,E,0,0,0,0,0,0,0,0,D6,D12,0,0,0,0,0,0,0,
20_Lace_M,Lace Morris,25.0,Real Estate Agent,"Denver, Colorado",3.0,20,20,A_3,,0,0,EQ,0,0,0,0,0,0,0,0,D10,D12,0,0,0,0,0,0,0,
20_Amanda_K,"Amanda ""Mandi"" Kremer",28.0,Dentist,"Portland, Oregon",2.0,20,20,,,0,E,0,0,0,0,0,0,0,0,0,D10,0,0,0,0,0,0,0,0,
20_Jacqueline_D,"Jacqueline ""Jackie"" Dion",23.0,Gerontologist,"Newport Beach, California",2.0,20,20,,,0,E,0,0,0,0,0,0,0,0,0,D10,0,0,0,0,0,0,0,0,
20_Samantha_P,Samantha Passmore,26.0,Attorney,"New Smyrna Beach, Florida",2.0,20,20,,,0,E,0,0,0,0,0,0,0,0,0,D6,0,0,0,0,0,0,0,0,
20_Lauren_B,"Lauren ""LB"" Barr",23.0,Fashion Buyer,"Stillwater, Oklahoma",2.0,20,20,,,0,0,R,R,0,0,0,0,0,W,0,0,D1,D12,D9,D7,D1,D1,D1,D1,
20_Breanne_R,Breanne Rice,30.0,Nutritional Therapist,"Seattle, Washington",1.0,20,20,,,E,0,0,0,0,0,0,0,0,0,0,0,0,0,0,0,0,0,0,0,
20_Isabel_G,"Isabel ""Izzy"" Goodkind",24.0,Designer,"Branford, Connecticut",1.0,20,20,A_3,,E,0,0,0,0,0,0,0,0,0,0,0,0,0,0,0,0,0,0,0,
20_Jessica_M,Jessica Moser,23.0,Accountant,"Boca Raton, Florida",1.0,20,20,,,E,0,0,0,0,0,0,0,0,0,0,0,0,0,0,0,0,0,0,0,
20_Laura_E,Laura Esselman,24.0,Account Executive,"Louisville, Kentucky",1.0,20,20,,,E,0,0,0,0,0,0,0,0,0,0,0,0,0,0,0,0,0,0,0,
20_Lauren_R,Lauren Russell,26.0,Teacher,"Houston, Texas",1.0,20,20,,,E,0,0,0,0,0,0,0,0,0,0,0,0,0,0,0,0,0,0,0,
20_Maegan_M,Maegan Miller,30.0,Cowgirl,"Visalia, California",1.0,20,20,,,E,0,0,0,0,0,0,0,0,0,0,0,0,0,0,0,0,0,0,0,
20_Tiara_S,Tiara Soleim,27.0,Chicken Enthusiast,"Redmond, Washington",1.0,20,20,A_3,,E,0,0,0,0,0,0,0,0,0,0,0,0,0,0,0,0,0,0,0,
21_Alexis_W,Alexis Waters,23.0,Aspiring Dolphin Trainer,"Secaucus, NJ",5.0,21,21,,,0,0,0,0,E,0,0,0,0,0,0,D12,D7,D13,D10,0,0,0,0,0,
21_Angela_A,Angela Amezcua,26.0,Model,"Greenville, SC",1.0,21,21,"A_6, A_5",,E,0,0,0,0,0,0,0,0,0,0,0,0,0,0,0,0,0,0,0,
21_Astrid_L,Astrid Loch,26.0,Plastic Surgery Office Manager,"Tampa, FL",4.0,21,21,A_5,,0,0,0,E,0,0,0,0,0,0,0,D6,D7,D13,0,0,0,0,0,0,
21_Briana_G,Briana Guertler,28.0,Nurse,"Salt Lake City, UT",1.0,21,21,,,E,0,0,0,0,0,0,0,0,0,0,0,0,0,0,0,0,0,0,0,
21_Brittany_F,Brittany Farrar,26.0,Nurse,"Santa Monica, CA",3.0,21,21,,,0,0,E,0,0,0,0,0,0,0,0,D12,D7,0,0,0,0,0,0,0,
21_Christen_W,Christen Whitney[,25.0,Wedding Videographer,"Tulsa, OK",3.0,21,21,"A_4, A_5",,0,R,E,0,0,0,0,0,0,0,0,D6,D7,0,0,0,0,0,0,0,
21_Corinne_O,Corinne Olympios,24.0,Business Owner,"Miami, FL",8.0,21,21,A_4,,0,R,0,0,R,0,0,E,0,0,0,D12,D7,D13,D2,D6,D3,D1,0,0,
21_Danielle_L,Danielle Lombard,27.0,Business Owner,"Los Angeles, CA",6.0,21,21,A_4,,0,0,R,R,0,ED,0,0,0,0,0,D12,D7,D1,D10,D2,0,0,0,0,
21_Danielle_M,Danielle Maltby,31.0,Nurse,"Nashville, TN",7.0,21,21,A_4,,0,R,0,0,0,0,ED,0,0,0,0,D1,0,D13,D10,D6,D1,0,0,0,
21_Dominique_A,Dominique Alexis,25.0,Restaurant Server,"Los Angeles, CA",3.0,21,21,A_4,,0,0,ED,0,0,0,0,0,0,0,0,0,D7,0,0,0,0,0,0,0,
21_Elizabeth_S,"Elizabeth ""Liz"" Sandoz",29.0,Doula,"Las Vegas, NV",2.0,21,21,,,0,ED,0,0,0,0,0,0,0,0,0,D6,0,0,0,0,0,0,0,0,
21_Elizabeth_W,Elizabeth Whitelaw,24.0,Marketing Manager,"Dallas, TX",2.0,21,21,,,0,E,0,0,0,0,0,0,0,0,0,D12,0,0,0,0,0,0,0,0,
21_Hailey_M,Hailey Merkt,23.0,Photographer,"Vancouver, British Columbia, Canada",2.0,21,21,,,0,E,0,0,0,0,0,0,0,0,0,D12,0,0,0,0,0,0,0,0,
21_Ida_D,Ida Marie DeLosSantos,23.0,Sales,"Harlingen, TX",1.0,21,21,,,E,0,0,0,0,0,0,0,0,0,0,0,0,0,0,0,0,0,0,0,
21_Jaimi_K,Jaimi King,28.0,Chef,"New Orleans, LA",5.0,21,21,"A_3, A_4",,0,0,0,0,E,0,0,0,0,0,0,D6,D7,D13,D10,0,0,0,0,0,
21_Jasmine_B,Jasmine B.,25.0,Flight Attendant,"Tacoma, WA",1.0,21,21,,,E,0,0,0,0,0,0,0,0,0,0,0,0,0,0,0,0,0,0,0,
21_Jasmine_B,Jasmine Brown,29.0,Dancer,"San Francisco, CA",6.0,21,21,A_4,,E,0,0,0,0,0,0,0,0,0,0,0,0,0,0,0,0,0,0,0,
21_Josephine_T,Josephine Tutman[,24.0,Nurse,"Santa Cruz, CA",5.0,21,21,,,0,0,0,0,E,0,0,0,0,0,0,D6,0,D13,D10,0,0,0,0,0,
21_Kristina_S,Kristina Schulman,24.0,Dental Hygienist,"Lexington, KY",7.0,21,21,"A_4, A_6",,0,0,0,R,R,R,EQ,0,0,0,0,D6,D7,D13,D10,D1,D3,0,0,0,
21_Lacey_M,Lacey Mark,25.0,Digital Marketing Manager,"Manhattan, NY",2.0,21,21,A_4,,0,E,0,0,0,0,0,0,0,0,0,D12,0,0,0,0,0,0,0,0,
21_Lauren_H,Lauren Hussey,30.0,Law School Graduate,"Naples, FL",1.0,21,21,,,E,0,0,0,0,0,0,0,0,0,0,0,0,0,0,0,0,0,0,0,
21_Michelle_R,Michelle Ramkissoon,24.0,Business Owner,"Los Angeles, CA",1.0,21,21,,,E,0,0,0,0,0,0,0,0,0,0,0,0,0,0,0,0,0,0,0,
21_Olivia_B,Olivia Burnette,25.0,Sales,"Anchorage, AK",1.0,21,21,,,E,0,0,0,0,0,0,0,0,0,0,0,0,0,0,0,0,0,0,0,
21_Rachel_L,Rachel Lindsay,31.0,Attorney,"Dallas, TX",9.0,21,21,,,0,0,R,0,R,0,0,0,E,0,0,0,D7,D13,D1,D6,D1,D1,D1,0,
21_Raven_G,Raven Gates,25.0,Business Owner,"Hoxie, AR",9.0,21,21,A_4,,0,0,0,R,0,R,R,0,0,E,0,D12,0,D1,D10,D6,D3,D1,D1,D1,
21_Sarah_V,Sarah Vendal,26.0,Teacher,"Newport Beach, CA",4.0,21,21,,,0,0,0,E,0,0,0,0,0,0,0,D12,D7,D13,0,0,0,0,0,0,
21_Susannah_M,Susannah Milan,26.0,Account Manager,"San Diego, CA",1.0,21,21,,,E,0,0,0,0,0,0,0,0,0,0,0,0,0,0,0,0,0,0,0,
21_Taylor_N,Taylor Nolan,23.0,Mental Health Counselor,"Seattle, WA",5.0,21,21,A_4,,0,0,0,0,ED,0,0,0,0,0,0,D12,D7,D13,D2,0,0,0,0,0,
21_Vanessa_G,Vanessa Grimaldi,29.0,Teacher,"Montreal, Quebec, Canada",0,21,21,,,R1,0,R,0,0,0,0,0,0,W,0,D12,D1,D13,D10,D6,D1,D1,D1,D1,
21_Whitney_F,Whitney Fransway,25.0,Pilates Instructor,"Chanhassen, MN",6.0,21,21,A_6,,0,0,0,0,0,ED,0,0,0,0,0,0,D7,D13,D10,D2,0,0,0,0,
,,,,,,,,,,,,,,,,,,,,,,,,,,,,,,
,,,,,,,,,,,,,,,,,,,,,,,,,,,,,,
,,,,,,,,,,,,,,,,,,,,,,,,,,,,,,
,,,,,,,,,,,,,,,,,,,,,,,,,,,,,,
,,,,,,,,,,,,,,,,,,,,,,,,,,,,,,
,,,,,,,,,,,,,,,,,,,,,,,,,,,,,,
,,,,,,,,,,,,,,,,,,,,,,,,,,,,,,
,,,,,,,,,,,,,,,,,,,,,,,,,,,,,,
,,,,,,,,,,,,,,,,,,,,,,,,,,,,,,
,,,,,,,,,,,,,,,,,,,,,,,,,,,,,,
,,,,,,,,,,,,,,,,,,,,,,,,,,,,,,
,,,,,,,,,,,,,,,,,,,,,,,,,,,,,,
,,,,,,,,,,,,,,,,,,,,,,,,,,,,,,
,,,,,,,,,,,,,,,,,,,,,,,,,,,,,,
,,,,,,,,,,,,,,,,,,,,,,,,,,,,,,
,,,,,,,,,,,,,,,,,,,,,,,,,,,,,,
,,,,,,,,,,,,,,,,,,,,,,,,,,,,,,
,,,,,,,,,,,,,,,,,,,,,,,,,,,,,,
,,,,,,,,,,,,,,,,,,,,,,,,,,,,,,
,,,,,,,,,,,,,,,,,,,,,,,,,,,,,,
,,,,,,,,,,,,,,,,,,,,,,,,,,,,,,
,,,,,,,,,,,,,,,,,,,,,,,,,,,,,,
,,,,,,,,,,,,,,,,,,,,,,,,,,,,,,
,,,,,,,,,,,,,,,,,,,,,,,,,,,,,,
,,,,,,,,,,,,,,,,,,,,,,,,,,,,,,
,,,,,,,,,,,,,,,,,,,,,,,,,,,,,,
,,,,,,,,,,,,,,,,,,,,,,,,,,,,,,
,,,,,,,,,,,,,,,,,,,,,,,,,,,,,,
,,,,,,,,,,,,,,,,,,,,,,,,,,,,,,
,,,,,,,,,,,,,,,,,,,,,,,,,,,,,,
,,,,,,,,,,,,,,,,,,,,,,,,,,,,,,
,,,,,,,,,,,,,,,,,,,,,,,,,,,,,,
,,,,,,,,,,,,,,,,,,,,,,,,,,,,,,
,,,,,,,,,,,,,,,,,,,,,,,,,,,,,,
,,,,,,,,,,,,,,,,,,,,,,,,,,,,,,
,,,,,,,,,,,,,,,,,,,,,,,,,,,,,,
,,,,,,,,,,,,,,,,,,,,,,,,,,,,,,
,,,,,,,,,,,,,,,,,,,,,,,,,,,,,,
,,,,,,,,,,,,,,,,,,,,,,,,,,,,,,
,,,,,,,,,,,,,,,,,,,,,,,,,,,,,,
,,,,,,,,,,,,,,,,,,,,,,,,,,,,,,
,,,,,,,,,,,,,,,,,,,,,,,,,,,,,,
,,,,,,,,,,,,,,,,,,,,,,,,,,,,,,
,,,,,,,,,,,,,,,,,,,,,,,,,,,,,,
,,,,,,,,,,,,,,,,,,,,,,,,,,,,,,
,,,,,,,,,,,,,,,,,,,,,,,,,,,,,,
,,,,,,,,,,,,,,,,,,,,,,,,,,,,,,
,,,,,,,,,,,,,,,,,,,,,,,,,,,,,,
,,,,,,,,,,,,,,,,,,,,,,,,,,,,,,
,,,,,,,,,,,,,,,,,,,,,,,,,,,,,,
,,,,,,,,,,,,,,,,,,,,,,,,,,,,,,
,,,,,,,,,,,,,,,,,,,,,,,,,,,,,,
,,,,,,,,,,,,,,,,,,,,,,,,,,,,,,
,,,,,,,,,,,,,,,,,,,,,,,,,,,,,,
,,,,,,,,,,,,,,,,,,,,,,,,,,,,,,
,,,,,,,,,,,,,,,,,,,,,,,,,,,,,,
,,,,,,,,,,,,,,,,,,,,,,,,,,,,,,
,,,,,,,,,,,,,,,,,,,,,,,,,,,,,,
,,,,,,,,,,,,,,,,,,,,,,,,,,,,,,
,,,,,,,,,,,,,,,,,,,,,,,,,,,,,,
,,,,,,,,,,,,,,,,,,,,,,,,,,,,,,
,,,,,,,,,,,,,,,,,,,,,,,,,,,,,,
,,,,,,,,,,,,,,,,,,,,,,,,,,,,,,
,,,,,,,,,,,,,,,,,,,,,,,,,,,,,,
,,,,,,,,,,,,,,,,,,,,,,,,,,,,,,
,,,,,,,,,,,,,,,,,,,,,,,,,,,,,,
,,,,,,,,,,,,,,,,,,,,,,,,,,,,,,
,,,,,,,,,,,,,,,,,,,,,,,,,,,,,,
,,,,,,,,,,,,,,,,,,,,,,,,,,,,,,
,,,,,,,,,,,,,,,,,,,,,,,,,,,,,,
,,,,,,,,,,,,,,,,,,,,,,,,,,,,,,
,,,,,,,,,,,,,,,,,,,,,,,,,,,,,,
,,,,,,,,,,,,,,,,,,,,,,,,,,,,,,
,,,,,,,,,,,,,,,,,,,,,,,,,,,,,,
,,,,,,,,,,,,,,,,,,,,,,,,,,,,,,
,,,,,,,,,,,,,,,,,,,,,,,,,,,,,,
,,,,,,,,,,,,,,,,,,,,,,,,,,,,,,
,,,,,,,,,,,,,,,,,,,,,,,,,,,,,,
,,,,,,,,,,,,,,,,,,,,,,,,,,,,,,
,,,,,,,,,,,,,,,,,,,,,,,,,,,,,,
,,,,,,,,,,,,,,,,,,,,,,,,,,,,,,
,,,,,,,,,,,,,,,,,,,,,,,,,,,,,,
,,,,,,,,,,,,,,,,,,,,,,,,,,,,,,
,,,,,,,,,,,,,,,,,,,,,,,,,,,,,,
,,,,,,,,,,,,,,,,,,,,,,,,,,,,,,
,,,,,,,,,,,,,,,,,,,,,,,,,,,,,,
,,,,,,,,,,,,,,,,,,,,,,,,,,,,,,
,,,,,,,,,,,,,,,,,,,,,,,,,,,,,,
,,,,,,,,,,,,,,,,,,,,,,,,,,,,,,
,,,,,,,,,,,,,,,,,,,,,,,,,,,,,,
,,,,,,,,,,,,,,,,,,,,,,,,,,,,,,
,,,,,,,,,,,,,,,,,,,,,,,,,,,,,,
,,,,,,,,,,,,,,,,,,,,,,,,,,,,,,
,,,,,,,,,,,,,,,,,,,,,,,,,,,,,,
,,,,,,,,,,,,,,,,,,,,,,,,,,,,,,
,,,,,,,,,,,,,,,,,,,,,,,,,,,,,,
,,,,,,,,,,,,,,,,,,,,,,,,,,,,,,
,,,,,,,,,,,,,,,,,,,,,,,,,,,,,,
,,,,,,,,,,,,,,,,,,,,,,,,,,,,,,
,,,,,,,,,,,,,,,,,,,,,,,,,,,,,,
,,,,,,,,,,,,,,,,,,,,,,,,,,,,,,
,,,,,,,,,,,,,,,,,,,,,,,,,,,,,,
,,,,,,,,,,,,,,,,,,,,,,,,,,,,,,
,,,,,,,,,,,,,,,,,,,,,,,,,,,,,,
,,,,,,,,,,,,,,,,,,,,,,,,,,,,,,
,,,,,,,,,,,,,,,,,,,,,,,,,,,,,,
,,,,,,,,,,,,,,,,,,,,,,,,,,,,,,
,,,,,,,,,,,,,,,,,,,,,,,,,,,,,,
,,,,,,,,,,,,,,,,,,,,,,,,,,,,,,
,,,,,,,,,,,,,,,,,,,,,,,,,,,,,,
,,,,,,,,,,,,,,,,,,,,,,,,,,,,,,
,,,,,,,,,,,,,,,,,,,,,,,,,,,,,,
,,,,,,,,,,,,,,,,,,,,,,,,,,,,,,
,,,,,,,,,,,,,,,,,,,,,,,,,,,,,,
,,,,,,,,,,,,,,,,,,,,,,,,,,,,,,
,,,,,,,,,,,,,,,,,,,,,,,,,,,,,,
,,,,,,,,,,,,,,,,,,,,,,,,,,,,,,
,,,,,,,,,,,,,,,,,,,,,,,,,,,,,,
,,,,,,,,,,,,,,,,,,,,,,,,,,,,,,
,,,,,,,,,,,,,,,,,,,,,,,,,,,,,,
,,,,,,,,,,,,,,,,,,,,,,,,,,,,,,
,,,,,,,,,,,,,,,,,,,,,,,,,,,,,,
,,,,,,,,,,,,,,,,,,,,,,,,,,,,,,
,,,,,,,,,,,,,,,,,,,,,,,,,,,,,,
,,,,,,,,,,,,,,,,,,,,,,,,,,,,,,
,,,,,,,,,,,,,,,,,,,,,,,,,,,,,,
,,,,,,,,,,,,,,,,,,,,,,,,,,,,,,
,,,,,,,,,,,,,,,,,,,,,,,,,,,,,,
,,,,,,,,,,,,,,,,,,,,,,,,,,,,,,
,,,,,,,,,,,,,,,,,,,,,,,,,,,,,,
,,,,,,,,,,,,,,,,,,,,,,,,,,,,,,
,,,,,,,,,,,,,,,,,,,,,,,,,,,,,,
,,,,,,,,,,,,,,,,,,,,,,,,,,,,,,
,,,,,,,,,,,,,,,,,,,,,,,,,,,,,,
,,,,,,,,,,,,,,,,,,,,,,,,,,,,,,
,,,,,,,,,,,,,,,,,,,,,,,,,,,,,,
,,,,,,,,,,,,,,,,,,,,,,,,,,,,,,
,,,,,,,,,,,,,,,,,,,,,,,,,,,,,,
,,,,,,,,,,,,,,,,,,,,,,,,,,,,,,
,,,,,,,,,,,,,,,,,,,,,,,,,,,,,,
,,,,,,,,,,,,,,,,,,,,,,,,,,,,,,
,,,,,,,,,,,,,,,,,,,,,,,,,,,,,,
,,,,,,,,,,,,,,,,,,,,,,,,,,,,,,
,,,,,,,,,,,,,,,,,,,,,,,,,,,,,,
,,,,,,,,,,,,,,,,,,,,,,,,,,,,,,
,,,,,,,,,,,,,,,,,,,,,,,,,,,,,,
,,,,,,,,,,,,,,,,,,,,,,,,,,,,,,
,,,,,,,,,,,,,,,,,,,,,,,,,,,,,,
,,,,,,,,,,,,,,,,,,,,,,,,,,,,,,
,,,,,,,,,,,,,,,,,,,,,,,,,,,,,,
,,,,,,,,,,,,,,,,,,,,,,,,,,,,,,
,,,,,,,,,,,,,,,,,,,,,,,,,,,,,,
,,,,,,,,,,,,,,,,,,,,,,,,,,,,,,
,,,,,,,,,,,,,,,,,,,,,,,,,,,,,,
,,,,,,,,,,,,,,,,,,,,,,,,,,,,,,
,,,,,,,,,,,,,,,,,,,,,,,,,,,,,,
,,,,,,,,,,,,,,,,,,,,,,,,,,,,,,
,,,,,,,,,,,,,,,,,,,,,,,,,,,,,,
,,,,,,,,,,,,,,,,,,,,,,,,,,,,,,
,,,,,,,,,,,,,,,,,,,,,,,,,,,,,,
,,,,,,,,,,,,,,,,,,,,,,,,,,,,,,
,,,,,,,,,,,,,,,,,,,,,,,,,,,,,,
,,,,,,,,,,,,,,,,,,,,,,,,,,,,,,
,,,,,,,,,,,,,,,,,,,,,,,,,,,,,,
,,,,,,,,,,,,,,,,,,,,,,,,,,,,,,
,,,,,,,,,,,,,,,,,,,,,,,,,,,,,,
,,,,,,,,,,,,,,,,,,,,,,,,,,,,,,
,,,,,,,,,,,,,,,,,,,,,,,,,,,,,,
,,,,,,,,,,,,,,,,,,,,,,,,,,,,,,
,,,,,,,,,,,,,,,,,,,,,,,,,,,,,,
,,,,,,,,,,,,,,,,,,,,,,,,,,,,,,
,,,,,,,,,,,,,,,,,,,,,,,,,,,,,,
,,,,,,,,,,,,,,,,,,,,,,,,,,,,,,
,,,,,,,,,,,,,,,,,,,,,,,,,,,,,,
,,,,,,,,,,,,,,,,,,,,,,,,,,,,,,
,,,,,,,,,,,,,,,,,,,,,,,,,,,,,,
,,,,,,,,,,,,,,,,,,,,,,,,,,,,,,
,,,,,,,,,,,,,,,,,,,,,,,,,,,,,,
,,,,,,,,,,,,,,,,,,,,,,,,,,,,,,
,,,,,,,,,,,,,,,,,,,,,,,,,,,,,,
,,,,,,,,,,,,,,,,,,,,,,,,,,,,,,
,,,,,,,,,,,,,,,,,,,,,,,,,,,,,,
,,,,,,,,,,,,,,,,,,,,,,,,,,,,,,
,,,,,,,,,,,,,,,,,,,,,,,,,,,,,,
,,,,,,,,,,,,,,,,,,,,,,,,,,,,,,
,,,,,,,,,,,,,,,,,,,,,,,,,,,,,,
,,,,,,,,,,,,,,,,,,,,,,,,,,,,,,
,,,,,,,,,,,,,,,,,,,,,,,,,,,,,,
,,,,,,,,,,,,,,,,,,,,,,,,,,,,,,
,,,,,,,,,,,,,,,,,,,,,,,,,,,,,,
,,,,,,,,,,,,,,,,,,,,,,,,,,,,,,
,,,,,,,,,,,,,,,,,,,,,,,,,,,,,,
,,,,,,,,,,,,,,,,,,,,,,,,,,,,,,
,,,,,,,,,,,,,,,,,,,,,,,,,,,,,,
,,,,,,,,,,,,,,,,,,,,,,,,,,,,,,
,,,,,,,,,,,,,,,,,,,,,,,,,,,,,,
,,,,,,,,,,,,,,,,,,,,,,,,,,,,,,
,,,,,,,,,,,,,,,,,,,,,,,,,,,,,,
,,,,,,,,,,,,,,,,,,,,,,,,,,,,,,
,,,,,,,,,,,,,,,,,,,,,,,,,,,,,,
,,,,,,,,,,,,,,,,,,,,,,,,,,,,,,
,,,,,,,,,,,,,,,,,,,,,,,,,,,,,,
,,,,,,,,,,,,,,,,,,,,,,,,,,,,,,
,,,,,,,,,,,,,,,,,,,,,,,,,,,,,,
,,,,,,,,,,,,,,,,,,,,,,,,,,,,,,
,,,,,,,,,,,,,,,,,,,,,,,,,,,,,,
,,,,,,,,,,,,,,,,,,,,,,,,,,,,,,
,,,,,,,,,,,,,,,,,,,,,,,,,,,,,,
,,,,,,,,,,,,,,,,,,,,,,,,,,,,,,
,,,,,,,,,,,,,,,,,,,,,,,,,,,,,,
,,,,,,,,,,,,,,,,,,,,,,,,,,,,,,
,,,,,,,,,,,,,,,,,,,,,,,,,,,,,,
,,,,,,,,,,,,,,,,,,,,,,,,,,,,,,
,,,,,,,,,,,,,,,,,,,,,,,,,,,,,,
,,,,,,,,,,,,,,,,,,,,,,,,,,,,,,
,,,,,,,,,,,,,,,,,,,,,,,,,,,,,,
,,,,,,,,,,,,,,,,,,,,,,,,,,,,,,
,,,,,,,,,,,,,,,,,,,,,,,,,,,,,,
,,,,,,,,,,,,,,,,,,,,,,,,,,,,,,
,,,,,,,,,,,,,,,,,,,,,,,,,,,,,,
,,,,,,,,,,,,,,,,,,,,,,,,,,,,,,
,,,,,,,,,,,,,,,,,,,,,,,,,,,,,,
,,,,,,,,,,,,,,,,,,,,,,,,,,,,,,
,,,,,,,,,,,,,,,,,,,,,,,,,,,,,,
,,,,,,,,,,,,,,,,,,,,,,,,,,,,,,
,,,,,,,,,,,,,,,,,,,,,,,,,,,,,,
,,,,,,,,,,,,,,,,,,,,,,,,,,,,,,
,,,,,,,,,,,,,,,,,,,,,,,,,,,,,,
,,,,,,,,,,,,,,,,,,,,,,,,,,,,,,
,,,,,,,,,,,,,,,,,,,,,,,,,,,,,,
,,,,,,,,,,,,,,,,,,,,,,,,,,,,,,
,,,,,,,,,,,,,,,,,,,,,,,,,,,,,,
,,,,,,,,,,,,,,,,,,,,,,,,,,,,,,
,,,,,,,,,,,,,,,,,,,,,,,,,,,,,,
,,,,,,,,,,,,,,,,,,,,,,,,,,,,,,
,,,,,,,,,,,,,,,,,,,,,,,,,,,,,,
,,,,,,,,,,,,,,,,,,,,,,,,,,,,,,
,,,,,,,,,,,,,,,,,,,,,,,,,,,,,,
,,,,,,,,,,,,,,,,,,,,,,,,,,,,,,
,,,,,,,,,,,,,,,,,,,,,,,,,,,,,,
,,,,,,,,,,,,,,,,,,,,,,,,,,,,,,
,,,,,,,,,,,,,,,,,,,,,,,,,,,,,,
,,,,,,,,,,,,,,,,,,,,,,,,,,,,,,
,,,,,,,,,,,,,,,,,,,,,,,,,,,,,,
,,,,,,,,,,,,,,,,,,,,,,,,,,,,,,
,,,,,,,,,,,,,,,,,,,,,,,,,,,,,,
,,,,,,,,,,,,,,,,,,,,,,,,,,,,,,
,,,,,,,,,,,,,,,,,,,,,,,,,,,,,,
,,,,,,,,,,,,,,,,,,,,,,,,,,,,,,
,,,,,,,,,,,,,,,,,,,,,,,,,,,,,,
,,,,,,,,,,,,,,,,,,,,,,,,,,,,,,
,,,,,,,,,,,,,,,,,,,,,,,,,,,,,,
,,,,,,,,,,,,,,,,,,,,,,,,,,,,,,
,,,,,,,,,,,,,,,,,,,,,,,,,,,,,,
,,,,,,,,,,,,,,,,,,,,,,,,,,,,,,
,,,,,,,,,,,,,,,,,,,,,,,,,,,,,,
,,,,,,,,,,,,,,,,,,,,,,,,,,,,,,
,,,,,,,,,,,,,,,,,,,,,,,,,,,,,,
,,,,,,,,,,,,,,,,,,,,,,,,,,,,,,
,,,,,,,,,,,,,,,,,,,,,,,,,,,,,,
,,,,,,,,,,,,,,,,,,,,,,,,,,,,,,
,,,,,,,,,,,,,,,,,,,,,,,,,,,,,,
,,,,,,,,,,,,,,,,,,,,,,,,,,,,,,
,,,,,,,,,,,,,,,,,,,,,,,,,,,,,,
,,,,,,,,,,,,,,,,,,,,,,,,,,,,,,
,,,,,,,,,,,,,,,,,,,,,,,,,,,,,,
,,,,,,,,,,,,,,,,,,,,,,,,,,,,,,
,,,,,,,,,,,,,,,,,,,,,,,,,,,,,,
,,,,,,,,,,,,,,,,,,,,,,,,,,,,,,
,,,,,,,,,,,,,,,,,,,,,,,,,,,,,,
,,,,,,,,,,,,,,,,,,,,,,,,,,,,,,
,,,,,,,,,,,,,,,,,,,,,,,,,,,,,,
,,,,,,,,,,,,,,,,,,,,,,,,,,,,,,
,,,,,,,,,,,,,,,,,,,,,,,,,,,,,,
,,,,,,,,,,,,,,,,,,,,,,,,,,,,,,
,,,,,,,,,,,,,,,,,,,,,,,,,,,,,,
,,,,,,,,,,,,,,,,,,,,,,,,,,,,,,
,,,,,,,,,,,,,,,,,,,,,,,,,,,,,,
,,,,,,,,,,,,,,,,,,,,,,,,,,,,,,
,,,,,,,,,,,,,,,,,,,,,,,,,,,,,,
,,,,,,,,,,,,,,,,,,,,,,,,,,,,,,
,,,,,,,,,,,,,,,,,,,,,,,,,,,,,,
,,,,,,,,,,,,,,,,,,,,,,,,,,,,,,
,,,,,,,,,,,,,,,,,,,,,,,,,,,,,,
,,,,,,,,,,,,,,,,,,,,,,,,,,,,,,
,,,,,,,,,,,,,,,,,,,,,,,,,,,,,,
,,,,,,,,,,,,,,,,,,,,,,,,,,,,,,
,,,,,,,,,,,,,,,,,,,,,,,,,,,,,,
,,,,,,,,,,,,,,,,,,,,,,,,,,,,,,
,,,,,,,,,,,,,,,,,,,,,,,,,,,,,,
,,,,,,,,,,,,,,,,,,,,,,,,,,,,,,
,,,,,,,,,,,,,,,,,,,,,,,,,,,,,,
,,,,,,,,,,,,,,,,,,,,,,,,,,,,,,
,,,,,,,,,,,,,,,,,,,,,,,,,,,,,,
,,,,,,,,,,,,,,,,,,,,,,,,,,,,,,
,,,,,,,,,,,,,,,,,,,,,,,,,,,,,,
,,,,,,,,,,,,,,,,,,,,,,,,,,,,,,
,,,,,,,,,,,,,,,,,,,,,,,,,,,,,,
,,,,,,,,,,,,,,,,,,,,,,,,,,,,,,
,,,,,,,,,,,,,,,,,,,,,,,,,,,,,,
,,,,,,,,,,,,,,,,,,,,,,,,,,,,,,
,,,,,,,,,,,,,,,,,,,,,,,,,,,,,,
,,,,,,,,,,,,,,,,,,,,,,,,,,,,,,
,,,,,,,,,,,,,,,,,,,,,,,,,,,,,,
,,,,,,,,,,,,,,,,,,,,,,,,,,,,,,
,,,,,,,,,,,,,,,,,,,,,,,,,,,,,,
,,,,,,,,,,,,,,,,,,,,,,,,,,,,,,
,,,,,,,,,,,,,,,,,,,,,,,,,,,,,,
,,,,,,,,,,,,,,,,,,,,,,,,,,,,,,
,,,,,,,,,,,,,,,,,,,,,,,,,,,,,,
,,,,,,,,,,,,,,,,,,,,,,,,,,,,,,
,,,,,,,,,,,,,,,,,,,,,,,,,,,,,,
,,,,,,,,,,,,,,,,,,,,,,,,,,,,,,
,,,,,,,,,,,,,,,,,,,,,,,,,,,,,,
,,,,,,,,,,,,,,,,,,,,,,,,,,,,,,
,,,,,,,,,,,,,,,,,,,,,,,,,,,,,,
,,,,,,,,,,,,,,,,,,,,,,,,,,,,,,
,,,,,,,,,,,,,,,,,,,,,,,,,,,,,,
,,,,,,,,,,,,,,,,,,,,,,,,,,,,,,
,,,,,,,,,,,,,,,,,,,,,,,,,,,,,,
,,,,,,,,,,,,,,,,,,,,,,,,,,,,,,
,,,,,,,,,,,,,,,,,,,,,,,,,,,,,,
,,,,,,,,,,,,,,,,,,,,,,,,,,,,,,
,,,,,,,,,,,,,,,,,,,,,,,,,,,,,,
,,,,,,,,,,,,,,,,,,,,,,,,,,,,,,
,,,,,,,,,,,,,,,,,,,,,,,,,,,,,,
,,,,,,,,,,,,,,,,,,,,,,,,,,,,,,
,,,,,,,,,,,,,,,,,,,,,,,,,,,,,,
,,,,,,,,,,,,,,,,,,,,,,,,,,,,,,
,,,,,,,,,,,,,,,,,,,,,,,,,,,,,,
,,,,,,,,,,,,,,,,,,,,,,,,,,,,,,
,,,,,,,,,,,,,,,,,,,,,,,,,,,,,,
,,,,,,,,,,,,,,,,,,,,,,,,,,,,,,
,,,,,,,,,,,,,,,,,,,,,,,,,,,,,,
,,,,,,,,,,,,,,,,,,,,,,,,,,,,,,
,,,,,,,,,,,,,,,,,,,,,,,,,,,,,,
,,,,,,,,,,,,,,,,,,,,,,,,,,,,,,
,,,,,,,,,,,,,,,,,,,,,,,,,,,,,,
,,,,,,,,,,,,,,,,,,,,,,,,,,,,,,
,,,,,,,,,,,,,,,,,,,,,,,,,,,,,,
,,,,,,,,,,,,,,,,,,,,,,,,,,,,,,
,,,,,,,,,,,,,,,,,,,,,,,,,,,,,,
,,,,,,,,,,,,,,,,,,,,,,,,,,,,,,
,,,,,,,,,,,,,,,,,,,,,,,,,,,,,,
,,,,,,,,,,,,,,,,,,,,,,,,,,,,,,
,,,,,,,,,,,,,,,,,,,,,,,,,,,,,,
,,,,,,,,,,,,,,,,,,,,,,,,,,,,,,
,,,,,,,,,,,,,,,,,,,,,,,,,,,,,,
,,,,,,,,,,,,,,,,,,,,,,,,,,,,,,
,,,,,,,,,,,,,,,,,,,,,,,,,,,,,,
,,,,,,,,,,,,,,,,,,,,,,,,,,,,,,
,,,,,,,,,,,,,,,,,,,,,,,,,,,,,,
,,,,,,,,,,,,,,,,,,,,,,,,,,,,,,
,,,,,,,,,,,,,,,,,,,,,,,,,,,,,,
,,,,,,,,,,,,,,,,,,,,,,,,,,,,,,
,,,,,,,,,,,,,,,,,,,,,,,,,,,,,,
,,,,,,,,,,,,,,,,,,,,,,,,,,,,,,
,,,,,,,,,,,,,,,,,,,,,,,,,,,,,,
,,,,,,,,,,,,,,,,,,,,,,,,,,,,,,
,,,,,,,,,,,,,,,,,,,,,,,,,,,,,,
,,,,,,,,,,,,,,,,,,,,,,,,,,,,,,
,,,,,,,,,,,,,,,,,,,,,,,,,,,,,,
,,,,,,,,,,,,,,,,,,,,,,,,,,,,,,
,,,,,,,,,,,,,,,,,,,,,,,,,,,,,,
,,,,,,,,,,,,,,,,,,,,,,,,,,,,,,
,,,,,,,,,,,,,,,,,,,,,,,,,,,,,,
,,,,,,,,,,,,,,,,,,,,,,,,,,,,,,
,,,,,,,,,,,,,,,,,,,,,,,,,,,,,,
,,,,,,,,,,,,,,,,,,,,,,,,,,,,,,
,,,,,,,,,,,,,,,,,,,,,,,,,,,,,,
,,,,,,,,,,,,,,,,,,,,,,,,,,,,,,
,,,,,,,,,,,,,,,,,,,,,,,,,,,,,,
,,,,,,,,,,,,,,,,,,,,,,,,,,,,,,
,,,,,,,,,,,,,,,,,,,,,,,,,,,,,,
,,,,,,,,,,,,,,,,,,,,,,,,,,,,,,
,,,,,,,,,,,,,,,,,,,,,,,,,,,,,,
,,,,,,,,,,,,,,,,,,,,,,,,,,,,,,
,,,,,,,,,,,,,,,,,,,,,,,,,,,,,,
,,,,,,,,,,,,,,,,,,,,,,,,,,,,,,
,,,,,,,,,,,,,,,,,,,,,,,,,,,,,,
,,,,,,,,,,,,,,,,,,,,,,,,,,,,,,
,,,,,,,,,,,,,,,,,,,,,,,,,,,,,,
,,,,,,,,,,,,,,,,,,,,,,,,,,,,,,
,,,,,,,,,,,,,,,,,,,,,,,,,,,,,,
,,,,,,,,,,,,,,,,,,,,,,,,,,,,,,
,,,,,,,,,,,,,,,,,,,,,,,,,,,,,,
,,,,,,,,,,,,,,,,,,,,,,,,,,,,,,
,,,,,,,,,,,,,,,,,,,,,,,,,,,,,,
,,,,,,,,,,,,,,,,,,,,,,,,,,,,,,
,,,,,,,,,,,,,,,,,,,,,,,,,,,,,,
,,,,,,,,,,,,,,,,,,,,,,,,,,,,,,
,,,,,,,,,,,,,,,,,,,,,,,,,,,,,,
,,,,,,,,,,,,,,,,,,,,,,,,,,,,,,
,,,,,,,,,,,,,,,,,,,,,,,,,,,,,,
,,,,,,,,,,,,,,,,,,,,,,,,,,,,,,
,,,,,,,,,,,,,,,,,,,,,,,,,,,,,,
,,,,,,,,,,,,,,,,,,,,,,,,,,,,,,
,,,,,,,,,,,,,,,,,,,,,,,,,,,,,,
,,,,,,,,,,,,,,,,,,,,,,,,,,,,,,
,,,,,,,,,,,,,,,,,,,,,,,,,,,,,,
,,,,,,,,,,,,,,,,,,,,,,,,,,,,,,
,,,,,,,,,,,,,,,,,,,,,,,,,,,,,,
,,,,,,,,,,,,,,,,,,,,,,,,,,,,,,
,,,,,,,,,,,,,,,,,,,,,,,,,,,,,,
,,,,,,,,,,,,,,,,,,,,,,,,,,,,,,
,,,,,,,,,,,,,,,,,,,,,,,,,,,,,,
,,,,,,,,,,,,,,,,,,,,,,,,,,,,,,
,,,,,,,,,,,,,,,,,,,,,,,,,,,,,,
,,,,,,,,,,,,,,,,,,,,,,,,,,,,,,
,,,,,,,,,,,,,,,,,,,,,,,,,,,,,,
,,,,,,,,,,,,,,,,,,,,,,,,,,,,,,
,,,,,,,,,,,,,,,,,,,,,,,,,,,,,,
,,,,,,,,,,,,,,,,,,,,,,,,,,,,,,
,,,,,,,,,,,,,,,,,,,,,,,,,,,,,,
,,,,,,,,,,,,,,,,,,,,,,,,,,,,,,
,,,,,,,,,,,,,,,,,,,,,,,,,,,,,,
,,,,,,,,,,,,,,,,,,,,,,,,,,,,,,
,,,,,,,,,,,,,,,,,,,,,,,,,,,,,,
,,,,,,,,,,,,,,,,,,,,,,,,,,,,,,
,,,,,,,,,,,,,,,,,,,,,,,,,,,,,,
,,,,,,,,,,,,,,,,,,,,,,,,,,,,,,
,,,,,,,,,,,,,,,,,,,,,,,,,,,,,,
,,,,,,,,,,,,,,,,,,,,,,,,,,,,,,
,,,,,,,,,,,,,,,,,,,,,,,,,,,,,,
,,,,,,,,,,,,,,,,,,,,,,,,,,,,,,
,,,,,,,,,,,,,,,,,,,,,,,,,,,,,,
,,,,,,,,,,,,,,,,,,,,,,,,,,,,,,
,,,,,,,,,,,,,,,,,,,,,,,,,,,,,,
,,,,,,,,,,,,,,,,,,,,,,,,,,,,,,
,,,,,,,,,,,,,,,,,,,,,,,,,,,,,,
,,,,,,,,,,,,,,,,,,,,,,,,,,,,,,
,,,,,,,,,,,,,,,,,,,,,,,,,,,,,,
,,,,,,,,,,,,,,,,,,,,,,,,,,,,,,
,,,,,,,,,,,,,,,,,,,,,,,,,,,,,,
,,,,,,,,,,,,,,,,,,,,,,,,,,,,,,
,,,,,,,,,,,,,,,,,,,,,,,,,,,,,,
,,,,,,,,,,,,,,,,,,,,,,,,,,,,,,
,,,,,,,,,,,,,,,,,,,,,,,,,,,,,,
,,,,,,,,,,,,,,,,,,,,,,,,,,,,,,
,,,,,,,,,,,,,,,,,,,,,,,,,,,,,,
,,,,,,,,,,,,,,,,,,,,,,,,,,,,,,
,,,,,,,,,,,,,,,,,,,,,,,,,,,,,,
,,,,,,,,,,,,,,,,,,,,,,,,,,,,,,
,,,,,,,,,,,,,,,,,,,,,,,,,,,,,,
,,,,,,,,,,,,,,,,,,,,,,,,,,,,,,
,,,,,,,,,,,,,,,,,,,,,,,,,,,,,,
,,,,,,,,,,,,,,,,,,,,,,,,,,,,,,
,,,,,,,,,,,,,,,,,,,,,,,,,,,,,,
,,,,,,,,,,,,,,,,,,,,,,,,,,,,,,
,,,,,,,,,,,,,,,,,,,,,,,,,,,,,,
,,,,,,,,,,,,,,,,,,,,,,,,,,,,,,
,,,,,,,,,,,,,,,,,,,,,,,,,,,,,,
,,,,,,,,,,,,,,,,,,,,,,,,,,,,,,
,,,,,,,,,,,,,,,,,,,,,,,,,,,,,,
,,,,,,,,,,,,,,,,,,,,,,,,,,,,,,
,,,,,,,,,,,,,,,,,,,,,,,,,,,,,,
,,,,,,,,,,,,,,,,,,,,,,,,,,,,,,
,,,,,,,,,,,,,,,,,,,,,,,,,,,,,,
,,,,,,,,,,,,,,,,,,,,,,,,,,,,,,
,,,,,,,,,,,,,,,,,,,,,,,,,,,,,,
,,,,,,,,,,,,,,,,,,,,,,,,,,,,,,
,,,,,,,,,,,,,,,,,,,,,,,,,,,,,,
,,,,,,,,,,,,,,,,,,,,,,,,,,,,,,
,,,,,,,,,,,,,,,,,,,,,,,,,,,,,,
,,,,,,,,,,,,,,,,,,,,,,,,,,,,,,
,,,,,,,,,,,,,,,,,,,,,,,,,,,,,,
,,,,,,,,,,,,,,,,,,,,,,,,,,,,,,
,,,,,,,,,,,,,,,,,,,,,,,,,,,,,,
,,,,,,,,,,,,,,,,,,,,,,,,,,,,,,
,,,,,,,,,,,,,,,,,,,,,,,,,,,,,,
,,,,,,,,,,,,,,,,,,,,,,,,,,,,,,
,,,,,,,,,,,,,,,,,,,,,,,,,,,,,,
,,,,,,,,,,,,,,,,,,,,,,,,,,,,,,
,,,,,,,,,,,,,,,,,,,,,,,,,,,,,,
,,,,,,,,,,,,,,,,,,,,,,,,,,,,,,
,,,,,,,,,,,,,,,,,,,,,,,,,,,,,,
,,,,,,,,,,,,,,,,,,,,,,,,,,,,,,
,,,,,,,,,,,,,,,,,,,,,,,,,,,,,,
,,,,,,,,,,,,,,,,,,,,,,,,,,,,,,
,,,,,,,,,,,,,,,,,,,,,,,,,,,,,,
,,,,,,,,,,,,,,,,,,,,,,,,,,,,,,
,,,,,,,,,,,,,,,,,,,,,,,,,,,,,,
,,,,,,,,,,,,,,,,,,,,,,,,,,,,,,
,,,,,,,,,,,,,,,,,,,,,,,,,,,,,,
,,,,,,,,,,,,,,,,,,,,,,,,,,,,,,
,,,,,,,,,,,,,,,,,,,,,,,,,,,,,,
,,,,,,,,,,,,,,,,,,,,,,,,,,,,,,
,,,,,,,,,,,,,,,,,,,,,,,,,,,,,,
,,,,,,,,,,,,,,,,,,,,,,,,,,,,,,
,,,,,,,,,,,,,,,,,,,,,,,,,,,,,,
,,,,,,,,,,,,,,,,,,,,,,,,,,,,,,
,,,,,,,,,,,,,,,,,,,,,,,,,,,,,,
,,,,,,,,,,,,,,,,,,,,,,,,,,,,,,
,,,,,,,,,,,,,,,,,,,,,,,,,,,,,,
,,,,,,,,,,,,,,,,,,,,,,,,,,,,,,
,,,,,,,,,,,,,,,,,,,,,,,,,,,,,,
,,,,,,,,,,,,,,,,,,,,,,,,,,,,,,
,,,,,,,,,,,,,,,,,,,,,,,,,,,,,,
,,,,,,,,,,,,,,,,,,,,,,,,,,,,,,
,,,,,,,,,,,,,,,,,,,,,,,,,,,,,,
,,,,,,,,,,,,,,,,,,,,,,,,,,,,,,
,,,,,,,,,,,,,,,,,,,,,,,,,,,,,,
,,,,,,,,,,,,,,,,,,,,,,,,,,,,,,
,,,,,,,,,,,,,,,,,,,,,,,,,,,,,,
,,,,,,,,,,,,,,,,,,,,,,,,,,,,,,
,,,,,,,,,,,,,,,,,,,,,,,,,,,,,,
,,,,,,,,,,,,,,,,,,,,,,,,,,,,,,
,,,,,,,,,,,,,,,,,,,,,,,,,,,,,,
,,,,,,,,,,,,,,,,,,,,,,,,,,,,,,
,,,,,,,,,,,,,,,,,,,,,,,,,,,,,,
,,,,,,,,,,,,,,,,,,,,,,,,,,,,,,
,,,,,,,,,,,,,,,,,,,,,,,,,,,,,,
,,,,,,,,,,,,,,,,,,,,,,,,,,,,,,
,,,,,,,,,,,,,,,,,,,,,,,,,,,,,,
,,,,,,,,,,,,,,,,,,,,,,,,,,,,,,
,,,,,,,,,,,,,,,,,,,,,,,,,,,,,,
,,,,,,,,,,,,,,,,,,,,,,,,,,,,,,
,,,,,,,,,,,,,,,,,,,,,,,,,,,,,,
,,,,,,,,,,,,,,,,,,,,,,,,,,,,,,
,,,,,,,,,,,,,,,,,,,,,,,,,,,,,,
,,,,,,,,,,,,,,,,,,,,,,,,,,,,,,
,,,,,,,,,,,,,,,,,,,,,,,,,,,,,,
,,,,,,,,,,,,,,,,,,,,,,,,,,,,,,
,,,,,,,,,,,,,,,,,,,,,,,,,,,,,,
,,,,,,,,,,,,,,,,,,,,,,,,,,,,,,
,,,,,,,,,,,,,,,,,,,,,,,,,,,,,,
,,,,,,,,,,,,,,,,,,,,,,,,,,,,,,
,,,,,,,,,,,,,,,,,,,,,,,,,,,,,,
,,,,,,,,,,,,,,,,,,,,,,,,,,,,,,
,,,,,,,,,,,,,,,,,,,,,,,,,,,,,,
,,,,,,,,,,,,,,,,,,,,,,,,,,,,,,
,,,,,,,,,,,,,,,,,,,,,,,,,,,,,,
,,,,,,,,,,,,,,,,,,,,,,,,,,,,,,
,,,,,,,,,,,,,,,,,,,,,,,,,,,,,,
,,,,,,,,,,,,,,,,,,,,,,,,,,,,,,
,,,,,,,,,,,,,,,,,,,,,,,,,,,,,,
,,,,,,,,,,,,,,,,,,,,,,,,,,,,,,
,,,,,,,,,,,,,,,,,,,,,,,,,,,,,,
,,,,,,,,,,,,,,,,,,,,,,,,,,,,,,
,,,,,,,,,,,,,,,,,,,,,,,,,,,,,,
,,,,,,,,,,,,,,,,,,,,,,,,,,,,,,
,,,,,,,,,,,,,,,,,,,,,,,,,,,,,,
,,,,,,,,,,,,,,,,,,,,,,,,,,,,,,
,,,,,,,,,,,,,,,,,,,,,,,,,,,,,,
,,,,,,,,,,,,,,,,,,,,,,,,,,,,,,
,,,,,,,,,,,,,,,,,,,,,,,,,,,,,,
,,,,,,,,,,,,,,,,,,,,,,,,,,,,,,
,,,,,,,,,,,,,,,,,,,,,,,,,,,,,,
,,,,,,,,,,,,,,,,,,,,,,,,,,,,,,
,,,,,,,,,,,,,,,,,,,,,,,,,,,,,,
,,,,,,,,,,,,,,,,,,,,,,,,,,,,,,
,,,,,,,,,,,,,,,,,,,,,,,,,,,,,,
,,,,,,,,,,,,,,,,,,,,,,,,,,,,,,
,,,,,,,,,,,,,,,,,,,,,,,,,,,,,,
,,,,,,,,,,,,,,,,,,,,,,,,,,,,,,
,,,,,,,,,,,,,,,,,,,,,,,,,,,,,,
,,,,,,,,,,,,,,,,,,,,,,,,,,,,,,
,,,,,,,,,,,,,,,,,,,,,,,,,,,,,,
,,,,,,,,,,,,,,,,,,,,,,,,,,,,,,
,,,,,,,,,,,,,,,,,,,,,,,,,,,,,,
,,,,,,,,,,,,,,,,,,,,,,,,,,,,,,
,,,,,,,,,,,,,,,,,,,,,,,,,,,,,,
,,,,,,,,,,,,,,,,,,,,,,,,,,,,,,
,,,,,,,,,,,,,,,,,,,,,,,,,,,,,,
,,,,,,,,,,,,,,,,,,,,,,,,,,,,,,
,,,,,,,,,,,,,,,,,,,,,,,,,,,,,,
,,,,,,,,,,,,,,,,,,,,,,,,,,,,,,
,,,,,,,,,,,,,,,,,,,,,,,,,,,,,,
,,,,,,,,,,,,,,,,,,,,,,,,,,,,,,
,,,,,,,,,,,,,,,,,,,,,,,,,,,,,,
,,,,,,,,,,,,,,,,,,,,,,,,,,,,,,
,,,,,,,,,,,,,,,,,,,,,,,,,,,,,,
,,,,,,,,,,,,,,,,,,,,,,,,,,,,,,
,,,,,,,,,,,,,,,,,,,,,,,,,,,,,,
,,,,,,,,,,,,,,,,,,,,,,,,,,,,,,
,,,,,,,,,,,,,,,,,,,,,,,,,,,,,,
,,,,,,,,,,,,,,,,,,,,,,,,,,,,,,
,,,,,,,,,,,,,,,,,,,,,,,,,,,,,,
,,,,,,,,,,,,,,,,,,,,,,,,,,,,,,
,,,,,,,,,,,,,,,,,,,,,,,,,,,,,,
,,,,,,,,,,,,,,,,,,,,,,,,,,,,,,
,,,,,,,,,,,,,,,,,,,,,,,,,,,,,,
,,,,,,,,,,,,,,,,,,,,,,,,,,,,,,
,,,,,,,,,,,,,,,,,,,,,,,,,,,,,,
,,,,,,,,,,,,,,,,,,,,,,,,,,,,,,
,,,,,,,,,,,,,,,,,,,,,,,,,,,,,,
,,,,,,,,,,,,,,,,,,,,,,,,,,,,,,
,,,,,,,,,,,,,,,,,,,,,,,,,,,,,,
,,,,,,,,,,,,,,,,,,,,,,,,,,,,,,
,,,,,,,,,,,,,,,,,,,,,,,,,,,,,,
